pos,year,age,av,player_id,g,gs
QB,1980,23,0,WilsMa00,2,0
QB,1981,24,5,WilsMa00,13,9
QB,1982,25,0,WilsMa00,8,0
QB,1983,26,4,WilsMa00,10,3
QB,1984,27,7,WilsMa00,16,10
QB,1985,28,8,WilsMa00,16,13
QB,1986,29,5,WilsMa00,16,8
QB,1987,30,8,WilsMa00,15,7
QB,1989,32,3,WilsMa00,14,4
QB,1990,33,1,WilsMa00,16,6
QB,1980,22,0,MaloMa00,1,0
QB,1981,23,3,MaloMa00,8,3
QB,1983,25,0,MaloMa00,2,0
QB,1984,26,8,MaloMa00,13,9
QB,1985,27,5,MaloMa00,10,8
QB,1986,28,8,MaloMa00,14,14
QB,1987,29,3,MaloMa00,12,12
QB,1988,30,3,MaloMa00,12,8
QB,1989,31,0,MaloMa00,1,0
QB,1980,23,0,HippEr00,15,0
QB,1981,24,10,HippEr00,16,10
QB,1982,25,3,HippEr00,9,4
QB,1983,26,10,HippEr00,16,16
QB,1984,27,1,HippEr00,8,1
QB,1985,28,11,HippEr00,16,15
QB,1986,29,6,HippEr00,16,10
QB,1988,31,0,HippEr00,5,0
QB,1989,32,0,HippEr00,1,1
QB,1980,24,0,LiscRu00,2,0
QB,1981,25,0,LiscRu00,9,1
QB,1982,26,0,LiscRu00,8,0
QB,1983,27,0,LiscRu00,4,0
QB,1984,28,2,LiscRu00,7,1
QB,1980,23,0,LuthEd00,5,0
QB,1981,24,0,LuthEd00,16,0
QB,1982,25,0,LuthEd00,9,0
QB,1983,26,3,LuthEd00,16,6
QB,1984,27,4,LuthEd00,15,3
QB,1980,22,0,McDoPa00,15,0
QB,1981,23,1,McDoPa00,12,0
QB,1982,24,4,McDoPa00,9,3
QB,1983,25,1,McDoPa00,16,2
QB,1984,26,10,McDoPa00,16,16
QB,1985,27,0,McDoPa00,16,0
QB,1986,28,0,McDoPa00,1,0
QB,1980,22,0,HogeGa00,2,0
QB,1981,23,0,HogeGa00,1,0
QB,1982,24,0,HogeGa00,4,0
QB,1983,25,0,HogeGa00,6,0
QB,1984,26,5,HogeGa00,16,10
QB,1985,27,3,HogeGa00,16,2
QB,1986,28,2,HogeGa00,5,5
QB,1987,29,4,HogeGa00,6,6
QB,1988,30,4,HogeGa00,9,1
QB,1989,31,6,HogeGa00,14,13
QB,1980,23,2,BrunSc00,16,3
QB,1981,24,-1,BrunSc00,16,6
QB,1982,25,11,BrunSc00,9,9
QB,1983,26,4,BrunSc00,16,12
QB,1985,28,1,BrunSc00,16,0
QB,1980,22,5,WoodDa00,13,11
QB,1981,23,10,WoodDa00,15,15
QB,1982,24,10,WoodDa00,9,9
QB,1983,25,3,WoodDa00,5,5
QB,1984,26,5,WoodDa00,7,7
QB,1985,27,4,WoodDa00,9,6
QB,1981,24,1,SchoTu00,4,0
QB,1982,25,0,SchoTu00,2,0
QB,1983,26,5,SchoTu00,9,3
QB,1984,27,3,SchoTu00,8,3
QB,1985,28,2,SchoTu00,7,0
QB,1986,29,2,SchoTu00,8,5
QB,1987,30,0,SchoTu00,11,0
QB,1988,31,0,SchoTu00,16,0
QB,1989,32,0,SchoTu00,7,1
QB,1981,23,1,CampRi00,2,0
QB,1982,24,0,CampRi00,1,0
QB,1983,25,0,CampRi00,1,0
QB,1984,26,1,CampRi00,3,0
QB,1981,22,6,LomaNe00,14,7
QB,1982,23,9,LomaNe00,9,9
QB,1983,24,10,LomaNe00,13,13
QB,1984*,25,17,LomaNe00,16,16
QB,1985,26,9,LomaNe00,16,16
QB,1986,27,8,LomaNe00,14,14
QB,1987*,28,13,LomaNe00,12,12
QB,1988,29,10,LomaNe00,14,14
QB,1981,23,0,FlicTo00,6,0
QB,1982,24,0,FlicTo00,3,0
QB,1984,26,0,FlicTo00,1,0
QB,1986,28,1,FlicTo00,11,3
QB,1982,23,2,HerrMa00,2,1
QB,1983,24,1,HerrMa00,2,1
QB,1984,25,1,HerrMa00,3,2
QB,1985,26,5,HerrMa00,9,4
QB,1986,27,2,HerrMa00,6,1
QB,1987,28,1,HerrMa00,3,2
QB,1988,29,0,HerrMa00,6,0
QB,1989,30,0,HerrMa00,3,0
QB,1990,31,0,HerrMa00,3,0
QB,1991,32,0,HerrMa00,2,0
QB,1992,33,0,HerrMa00,1,1
QB,1983,24,0,ReedMa20,1,0
QB,1981,22,0,WilsWa00,3,0
QB,1983,24,0,WilsWa00,1,1
QB,1984,25,-1,WilsWa00,8,5
QB,1985,26,1,WilsWa00,4,1
QB,1986,27,4,WilsWa00,9,3
QB,1987,28,9,WilsWa00,12,7
QB,1988*,29,10,WilsWa00,14,10
QB,1989,30,8,WilsWa00,14,12
QB,1990,31,4,WilsWa00,6,4
QB,1991,32,3,WilsWa00,5,5
QB,1992,33,7,WilsWa00,9,3
QB,1993,34,9,WilsWa00,14,14
QB,1994,35,1,WilsWa00,4,0
QB,1995,36,2,WilsWa00,7,0
QB,1996,37,0,WilsWa00,3,1
QB,1997,38,0,WilsWa00,7,0
QB,1998,39,1,WilsWa00,5,3
QB,1982,24,0,GaglBo00,1,0
QB,1983,25,0,GaglBo00,1,0
QB,1987,29,1,GaglBo00,3,1
QB,1989,31,6,GaglBo00,11,7
QB,1990,32,5,GaglBo00,9,4
QB,1991,33,0,GaglBo00,2,0
QB,1992,34,1,GaglBo00,5,1
QB,1982,22,1,SchlAr00,3,0
QB,1984,24,3,SchlAr00,9,5
QB,1985,25,0,SchlAr00,1,1
QB,1982,23,8,McMaJi00,8,7
QB,1983,24,8,McMaJi00,14,13
QB,1984,25,6,McMaJi00,9,9
QB,1985*,26,12,McMaJi00,13,11
QB,1986,27,3,McMaJi00,6,6
QB,1987,28,7,McMaJi00,7,6
QB,1988,29,5,McMaJi00,9,9
QB,1989,30,7,McMaJi00,12,11
QB,1990,31,0,McMaJi00,5,0
QB,1991,32,7,McMaJi00,12,11
QB,1992,33,1,McMaJi00,4,1
QB,1993,34,6,McMaJi00,12,12
QB,1994,35,1,McMaJi00,2,1
QB,1995,36,0,McMaJi00,1,0
QB,1996,37,0,McMaJi00,5,0
QB,1983,23,2,LuckOl00,7,6
QB,1984,24,1,LuckOl00,4,0
QB,1985,25,2,LuckOl00,5,2
QB,1986,26,1,LuckOl00,4,1
QB,1982,23,0,KoflMa00,4,0
QB,1983,24,1,KoflMa00,16,0
QB,1984,25,2,KoflMa00,16,0
QB,1985,26,1,KoflMa00,5,1
QB,1982,22,6,PageMi00,9,9
QB,1983,23,8,PageMi00,15,15
QB,1984,24,5,PageMi00,11,9
QB,1985,25,9,PageMi00,16,14
QB,1986,26,0,PageMi00,1,0
QB,1987,27,0,PageMi00,4,0
QB,1988,28,2,PageMi00,5,4
QB,1989,29,0,PageMi00,16,0
QB,1990,30,2,PageMi00,16,3
QB,1991,31,0,PageMi00,16,0
QB,1992,32,0,PageMi00,16,0
QB,1993,33,0,PageMi00,7,0
QB,1987,28,1,KellMi21,3,1
QB,1984,24,1,MachMi00,4,0
QB,1983,23,0,HollBo00,5,0
QB,1985,25,1,HollBo00,5,0
QB,1983,23,4,ElwaJo00,11,10
QB,1984,24,10,ElwaJo00,15,14
QB,1985,25,13,ElwaJo00,16,16
QB,1986*,26,14,ElwaJo00,16,16
QB,1987*,27,14,ElwaJo00,12,12
QB,1988,28,12,ElwaJo00,15,15
QB,1989*,29,12,ElwaJo00,15,15
QB,1990,30,14,ElwaJo00,16,16
QB,1991*,31,14,ElwaJo00,16,16
QB,1992,32,7,ElwaJo00,12,12
QB,1993*,33,17,ElwaJo00,16,16
QB,1994*,34,13,ElwaJo00,14,14
QB,1995,35,15,ElwaJo00,16,16
QB,1996*,36,15,ElwaJo00,15,15
QB,1997*,37,18,ElwaJo00,16,16
QB,1998*,38,14,ElwaJo00,13,12
QB,1983,22,1,BlacTo00,4,0
QB,1984,23,3,BlacTo00,11,8
QB,1985,24,1,BlacTo00,12,6
QB,1986,25,4,BlacTo00,10,8
QB,1987,26,1,BlacTo00,3,2
QB,1988,27,2,BlacTo00,3,3
QB,1989,28,1,BlacTo00,3,2
QB,1986,26,12,KellJi00,16,16
QB,1987*,27,9,KellJi00,12,12
QB,1988*,28,13,KellJi00,16,16
QB,1989,29,12,KellJi00,13,13
QB,1990*,30,14,KellJi00,14,14
QB,1991*+,31,17,KellJi00,15,15
QB,1992*,32,14,KellJi00,16,16
QB,1993,33,12,KellJi00,16,16
QB,1994,34,12,KellJi00,14,14
QB,1995,35,10,KellJi00,15,15
QB,1996,36,7,KellJi00,13,13
QB,1983,24,2,EasoTo00,16,4
QB,1984,25,11,EasoTo00,16,13
QB,1985,26,6,EasoTo00,16,10
QB,1986,27,13,EasoTo00,15,14
QB,1987,28,2,EasoTo00,4,3
QB,1988,29,1,EasoTo00,2,2
QB,1989,30,3,EasoTo00,5,5
QB,1990,31,1,EasoTo00,16,0
QB,1984,24,5,OBriKe00,10,5
QB,1985*,25,15,OBriKe00,16,16
QB,1986,26,13,OBriKe00,15,14
QB,1987,27,10,OBriKe00,12,12
QB,1988,28,10,OBriKe00,14,12
QB,1989,29,7,OBriKe00,15,12
QB,1990,30,11,OBriKe00,16,16
QB,1991*,31,12,OBriKe00,16,16
QB,1992,32,2,OBriKe00,10,3
QB,1993,33,2,OBriKe00,5,4
QB,1983*,22,10,MariDa00,11,9
QB,1984*+,23,21,MariDa00,16,16
QB,1985*+,24,15,MariDa00,16,16
QB,1986*+,25,19,MariDa00,16,16
QB,1987*,26,12,MariDa00,12,12
QB,1988,27,14,MariDa00,16,16
QB,1989,28,12,MariDa00,16,16
QB,1990,29,12,MariDa00,16,16
QB,1991*,30,15,MariDa00,16,16
QB,1992*,31,15,MariDa00,16,16
QB,1993,32,5,MariDa00,5,5
QB,1994*,33,15,MariDa00,16,16
QB,1995*,34,12,MariDa00,14,14
QB,1996,35,9,MariDa00,13,13
QB,1997,36,13,MariDa00,16,16
QB,1998,37,10,MariDa00,16,16
QB,1999,38,7,MariDa00,11,11
QB,1983,23,0,ChriJe20,1,0
QB,1987,27,2,ChriJe20,3,2
QB,1986,25,1,CollRe20,4,1
QB,1987,26,0,CollRe20,2,0
QB,1986,27,0,LaufBa00,1,0
QB,1988,29,3,LaufBa00,8,6
QB,1989,30,0,LaufBa00,3,0
QB,1990,31,1,LaufBa00,4,1
QB,1983,22,1,KubiGa00,4,1
QB,1984,23,2,KubiGa00,7,2
QB,1985,24,0,KubiGa00,16,0
QB,1986,25,1,KubiGa00,16,0
QB,1987,26,0,KubiGa00,12,0
QB,1988,27,2,KubiGa00,16,1
QB,1989,28,1,KubiGa00,16,1
QB,1990,29,1,KubiGa00,16,0
QB,1991,30,0,KubiGa00,16,0
QB,1986,25,0,RamsTo00,5,0
QB,1987,26,4,RamsTo00,9,3
QB,1988,27,0,RamsTo00,7,1
QB,1989,28,1,RamsTo00,7,1
QB,1983,24,0,MathBr00,1,0
QB,1984,25,0,MathBr00,2,0
QB,1985,26,4,MathBr00,10,7
QB,1986,27,0,MathBr00,2,0
QB,1987,28,2,MathBr00,3,2
QB,1983,24,0,TaylJi20,8,0
QB,1984,23,2,EsiaBo00,10,4
QB,1985,24,14,EsiaBo00,15,14
QB,1986*,25,15,EsiaBo00,16,16
QB,1987,26,11,EsiaBo00,12,12
QB,1988*+,27,19,EsiaBo00,16,16
QB,1989*,28,15,EsiaBo00,16,15
QB,1990,29,13,EsiaBo00,16,16
QB,1991,30,8,EsiaBo00,14,14
QB,1992,31,3,EsiaBo00,12,11
QB,1993*,32,12,EsiaBo00,16,16
QB,1994,33,8,EsiaBo00,15,14
QB,1995,34,3,EsiaBo00,12,12
QB,1996,35,7,EsiaBo00,10,8
QB,1997,36,7,EsiaBo00,7,5
QB,1985,24,0,HostJe00,5,0
QB,1986,25,0,HostJe00,13,0
QB,1988,27,1,HostJe00,16,1
QB,1989,28,2,HostJe00,16,1
QB,1990,29,4,HostJe00,16,2
QB,1991,30,10,HostJe00,12,12
QB,1992,31,7,HostJe00,13,9
QB,1993,32,12,HostJe00,15,15
QB,1994*,33,11,HostJe00,16,16
QB,1995,34,6,HostJe00,11,11
QB,1996,35,9,HostJe00,13,13
QB,1997,36,3,HostJe00,6,3
QB,1984,24,0,McIvRi20,4,0
QB,1985,25,0,McIvRi20,2,0
QB,1985,24,4,SchrJa00,9,5
QB,1986*,25,14,SchrJa00,16,16
QB,1987,26,8,SchrJa00,11,10
QB,1988,27,6,SchrJa00,9,8
QB,1989,28,5,SchrJa00,11,9
QB,1990,29,14,SchrJa00,16,16
QB,1991,30,10,SchrJa00,15,15
QB,1992,31,4,SchrJa00,13,9
QB,1993,32,2,SchrJa00,9,3
QB,1994,33,4,SchrJa00,9,8
QB,1984,22,0,PellSt00,1,0
QB,1985,23,0,PellSt00,2,0
QB,1986,24,10,PellSt00,16,9
QB,1987,25,3,PellSt00,12,4
QB,1988,26,10,PellSt00,16,14
QB,1989,27,2,PellSt00,5,3
QB,1990,28,0,PellSt00,13,0
QB,1984,22,0,MayxDe20,2,0
QB,1987,25,0,MayxDe20,3,0
QB,1987,25,0,BennBe20,1,0
QB,1984,23,1,WrigRa00,8,1
QB,1985,24,2,WrigRa00,5,1
QB,1986,25,8,WrigRa00,16,16
QB,1987,26,3,WrigRa00,9,7
QB,1988,27,1,WrigRa00,8,7
QB,1987,26,0,NugeTe20,1,0
QB,1984,22,1,WitkJo00,3,1
QB,1988,26,0,WitkJo00,2,0
QB,1984,22,0,CampSc00,5,0
QB,1985,23,2,CampSc00,16,2
QB,1986,24,0,CampSc00,4,0
QB,1987,25,4,CampSc00,12,9
QB,1989,27,0,CampSc00,1,0
QB,1990,28,2,CampSc00,7,2
QB,1984,23,0,KielBl00,10,0
QB,1986,25,1,KielBl00,3,0
QB,1987,26,1,KielBl00,4,1
QB,1988,27,0,KielBl00,1,0
QB,1990,29,1,KielBl00,3,1
QB,1991,30,1,KielBl00,4,1
QB,1987,25,3,MackKy00,3,3
QB,1989,27,0,MackKy00,4,1
QB,1985,22,3,CunnRa00,6,4
QB,1986,23,7,CunnRa00,15,5
QB,1987,24,11,CunnRa00,12,12
QB,1988*,25,17,CunnRa00,16,16
QB,1989*,26,16,CunnRa00,16,16
QB,1990*,27,20,CunnRa00,16,16
QB,1991,28,0,CunnRa00,1,1
QB,1992,29,15,CunnRa00,15,15
QB,1993,30,3,CunnRa00,4,4
QB,1994,31,11,CunnRa00,14,14
QB,1995,32,2,CunnRa00,7,4
QB,1997,34,2,CunnRa00,6,3
QB,1998*+,35,19,CunnRa00,15,14
QB,1999,36,5,CunnRa00,6,6
QB,2000,37,4,CunnRa00,6,3
QB,2001,38,2,CunnRa00,6,2
QB,1985,24,0,ReicFr00,1,0
QB,1986,25,0,ReicFr00,3,0
QB,1988,27,0,ReicFr00,3,0
QB,1989,28,3,ReicFr00,7,3
QB,1990,29,2,ReicFr00,16,2
QB,1991,30,1,ReicFr00,16,1
QB,1992,31,1,ReicFr00,16,0
QB,1993,32,0,ReicFr00,15,0
QB,1994,33,2,ReicFr00,16,2
QB,1995,34,1,ReicFr00,3,3
QB,1996,35,5,ReicFr00,10,7
QB,1997,36,0,ReicFr00,6,0
QB,1998,37,2,ReicFr00,6,2
QB,1985,23,0,BonoSt00,1,0
QB,1986,24,0,BonoSt00,1,0
QB,1987,25,2,BonoSt00,3,3
QB,1988,26,0,BonoSt00,2,0
QB,1989,27,0,BonoSt00,1,0
QB,1991,29,7,BonoSt00,9,6
QB,1992,30,2,BonoSt00,16,0
QB,1993,31,2,BonoSt00,8,0
QB,1994,32,2,BonoSt00,7,2
QB,1995*,33,11,BonoSt00,16,16
QB,1996,34,8,BonoSt00,14,13
QB,1997,35,0,BonoSt00,2,0
QB,1998,36,2,BonoSt00,6,2
QB,1999,37,0,BonoSt00,2,0
QB,1985,23,0,HilgRu00,4,0
QB,1986,24,1,HilgRu00,2,0
QB,1987,25,2,HilgRu00,5,5
QB,1988,26,2,HilgRu00,11,9
QB,1991,29,0,HilgRu00,1,0
QB,1986,24,1,FlutDo00,4,1
QB,1987,25,1,FlutDo00,2,1
QB,1988,26,3,FlutDo00,11,9
QB,1989,27,2,FlutDo00,5,3
QB,1998*,36,14,FlutDo00,13,10
QB,1999,37,14,FlutDo00,15,15
QB,2000,38,7,FlutDo00,11,5
QB,2001,39,11,FlutDo00,16,16
QB,2002,40,0,FlutDo00,1,0
QB,2003,41,5,FlutDo00,7,5
QB,2004,42,2,FlutDo00,2,1
QB,2005,43,0,FlutDo00,5,0
QB,1986,23,3,EverJi00,6,5
QB,1987,24,9,EverJi00,11,11
QB,1988,25,15,EverJi00,16,16
QB,1989,26,14,EverJi00,16,16
QB,1990*,27,13,EverJi00,16,16
QB,1991,28,9,EverJi00,16,16
QB,1992,29,12,EverJi00,16,16
QB,1993,30,4,EverJi00,10,9
QB,1994,31,11,EverJi00,16,16
QB,1995,32,11,EverJi00,16,16
QB,1996,33,6,EverJi00,15,15
QB,1997,34,1,EverJi00,4,1
QB,1986,23,1,LongCh00,3,2
QB,1987,24,7,LongCh00,12,12
QB,1988,25,3,LongCh00,7,7
QB,1989,26,0,LongCh00,1,0
QB,1990,27,0,LongCh00,4,0
QB,1991,28,0,LongCh00,0,0
QB,1986,24,2,TrudJa00,12,11
QB,1987,25,6,TrudJa00,10,8
QB,1988,26,1,TrudJa00,2,2
QB,1989,27,7,TrudJa00,13,12
QB,1990,28,4,TrudJa00,6,4
QB,1991,29,0,TrudJa00,2,0
QB,1992,30,3,TrudJa00,11,5
QB,1993,31,0,TrudJa00,5,5
QB,1994,32,2,TrudJa00,5,2
QB,1995,33,0,TrudJa00,1,0
QB,1986,24,1,BrisBu00,2,2
QB,1987,25,0,BrisBu00,2,0
QB,1988,26,9,BrisBu00,13,13
QB,1989,27,7,BrisBu00,14,14
QB,1990,28,10,BrisBu00,16,16
QB,1991,29,4,BrisBu00,8,8
QB,1992,30,3,BrisBu00,6,4
QB,1993,31,6,BrisBu00,10,8
QB,1994,32,1,BrisBu00,7,2
QB,1995,33,-4,BrisBu00,9,4
QB,1997,35,0,BrisBu00,1,0
QB,1998,36,5,BrisBu00,7,4
QB,1999,37,0,BrisBu00,2,0
QB,2000,38,0,BrisBu00,2,0
QB,1987,24,0,MillHu00,1,0
QB,1988,25,1,MillHu00,3,0
QB,1989,26,1,MillHu00,5,1
QB,1990,27,1,MillHu00,3,2
QB,1991,28,7,MillHu00,13,13
QB,1992,29,2,MillHu00,7,7
QB,1994,31,3,MillHu00,5,2
QB,1995,32,1,MillHu00,3,0
QB,1986,23,0,GaynDo20,1,0
QB,1988,26,6,RypiMa00,9,6
QB,1989*,27,11,RypiMa00,14,14
QB,1990,28,7,RypiMa00,10,10
QB,1991*,29,17,RypiMa00,16,16
QB,1992,30,12,RypiMa00,16,16
QB,1993,31,1,RypiMa00,12,10
QB,1994,32,2,RypiMa00,6,3
QB,1995,33,3,RypiMa00,11,3
QB,1996,34,0,RypiMa00,1,0
QB,1997,35,1,RypiMa00,5,0
QB,2001,39,0,RypiMa00,4,0
QB,1989,27,0,GelbSt00,1,0
QB,1991,29,2,GelbSt00,6,3
QB,1992,30,0,GelbSt00,10,8
QB,1993,31,0,GelbSt00,1,0
QB,1994,32,0,GelbSt00,1,0
QB,1996,34,0,GelbSt00,1,1
QB,1987,24,1,NorrDa20,2,2
QB,1987,24,1,McClBr20,1,1
QB,1987,24,0,BradSt20,1,1
QB,1987,24,4,TestVi00,6,4
QB,1988,25,6,TestVi00,15,15
QB,1989,26,9,TestVi00,14,14
QB,1990,27,9,TestVi00,14,13
QB,1991,28,4,TestVi00,13,12
QB,1992,29,9,TestVi00,14,14
QB,1993,30,7,TestVi00,10,6
QB,1994,31,9,TestVi00,14,13
QB,1995,32,9,TestVi00,13,12
QB,1996*,33,16,TestVi00,16,16
QB,1997,34,8,TestVi00,13,13
QB,1998*,35,14,TestVi00,14,13
QB,1999,36,0,TestVi00,1,1
QB,2000,37,9,TestVi00,16,16
QB,2001,38,10,TestVi00,16,16
QB,2002,39,2,TestVi00,5,4
QB,2003,40,5,TestVi00,7,7
QB,2004,41,9,TestVi00,16,15
QB,2005,42,2,TestVi00,6,4
QB,2006,43,0,TestVi00,3,0
QB,2007,44,0,TestVi00,7,6
QB,1988,24,4,StouKe00,8,6
QB,1989,25,1,StouKe00,3,2
QB,1991,27,0,StouKe00,2,1
QB,1992,28,-3,StouKe00,9,7
QB,1987,22,1,MillCh00,3,2
QB,1988,23,6,MillCh00,13,13
QB,1989,24,10,MillCh00,15,15
QB,1990,25,9,MillCh00,12,12
QB,1991*,26,11,MillCh00,15,14
QB,1992,27,8,MillCh00,8,8
QB,1993,28,1,MillCh00,3,2
QB,1994,29,6,MillCh00,13,10
QB,1995,30,6,MillCh00,13,13
QB,1999,34,2,MillCh00,3,3
QB,1987,24,0,HarbJi00,6,0
QB,1988,25,2,HarbJi00,10,2
QB,1989,26,5,HarbJi00,12,5
QB,1990,27,10,HarbJi00,14,14
QB,1991,28,13,HarbJi00,16,16
QB,1992,29,10,HarbJi00,16,13
QB,1993,30,8,HarbJi00,15,15
QB,1994,31,7,HarbJi00,12,9
QB,1995*,32,12,HarbJi00,15,12
QB,1996,33,10,HarbJi00,14,14
QB,1997,34,8,HarbJi00,12,11
QB,1998,35,5,HarbJi00,14,12
QB,1999,36,8,HarbJi00,14,12
QB,2000,37,4,HarbJi00,7,5
QB,1988,25,3,CarlCo00,6,5
QB,1989,26,0,CarlCo00,6,0
QB,1990,27,2,CarlCo00,6,1
QB,1991,28,0,CarlCo00,3,0
QB,1992,29,7,CarlCo00,11,6
QB,1993,30,2,CarlCo00,8,2
QB,1994,31,1,CarlCo00,5,5
QB,1987,24,0,VlasMa00,1,0
QB,1988,25,1,VlasMa00,2,2
QB,1990,27,1,VlasMa00,6,1
QB,1991,28,1,VlasMa00,6,1
QB,1987,22,0,GannRi00,4,0
QB,1988,23,0,GannRi00,3,0
QB,1989,24,0,GannRi00,0,0
QB,1990,25,8,GannRi00,14,12
QB,1991,26,10,GannRi00,15,11
QB,1992,27,8,GannRi00,12,12
QB,1993,28,2,GannRi00,8,4
QB,1995,30,0,GannRi00,2,0
QB,1996,31,2,GannRi00,4,3
QB,1997,32,5,GannRi00,9,6
QB,1998,33,9,GannRi00,12,10
QB,1999*,34,16,GannRi00,16,16
QB,2000*+,35,20,GannRi00,16,16
QB,2001*,36,16,GannRi00,16,16
QB,2002*+,37,17,GannRi00,16,16
QB,2003,38,3,GannRi00,7,7
QB,2004,39,2,GannRi00,3,3
QB,1988,23,6,BeueSt00,10,8
QB,1989,24,6,BeueSt00,10,7
QB,1991,26,3,BeueSt00,8,4
QB,1992,27,1,BeueSt00,16,0
QB,1993,28,11,BeueSt00,16,14
QB,1994,29,3,BeueSt00,9,7
QB,1995,30,3,BeueSt00,7,6
QB,1996,31,3,BeueSt00,8,4
QB,1997,32,4,BeueSt00,7,3
QB,1998,33,9,BeueSt00,12,12
QB,1999*,34,19,BeueSt00,16,16
QB,2000,35,12,BeueSt00,16,16
QB,2002,37,3,BeueSt00,8,3
QB,2003,38,2,BeueSt00,4,2
QB,1987,24,1,SweeKe00,3,2
QB,1988,25,1,SweeKe00,3,2
QB,1987,23,0,HudsDo20,1,1
QB,1987,22,1,GarzSa20,2,1
QB,1987,23,3,MajkDo00,7,5
QB,1988,24,6,MajkDo00,13,9
QB,1989*,25,18,MajkDo00,16,16
QB,1990,26,6,MajkDo00,9,8
QB,1991,27,3,MajkDo00,9,8
QB,1992,28,1,MajkDo00,14,3
QB,1993,29,0,MajkDo00,3,0
QB,1994,30,3,MajkDo00,9,6
QB,1995,31,1,MajkDo00,5,0
QB,1996,32,2,MajkDo00,5,2
QB,1987,23,2,PeasBr00,7,3
QB,1988,24,0,PeasBr00,13,0
QB,1987,23,1,WaltDa20,3,2
QB,1988,23,8,ChanCh00,15,13
QB,1989,24,2,ChanCh00,3,3
QB,1990,25,2,ChanCh00,7,3
QB,1991,26,3,ChanCh00,9,5
QB,1992,27,10,ChanCh00,15,13
QB,1993,28,2,ChanCh00,4,2
QB,1994,29,5,ChanCh00,12,6
QB,1995,30,8,ChanCh00,13,13
QB,1996,31,8,ChanCh00,12,12
QB,1997*,32,11,ChanCh00,14,14
QB,1998*,33,14,ChanCh00,14,14
QB,1999,34,8,ChanCh00,12,12
QB,2000,35,7,ChanCh00,14,13
QB,2001,36,10,ChanCh00,14,14
QB,2002,37,3,ChanCh00,9,7
QB,2003,38,1,ChanCh00,8,6
QB,2004,39,1,ChanCh00,5,2
QB,1989,25,1,SecuSc00,15,0
QB,1990,26,0,SecuSc00,16,0
QB,1991,27,1,SecuSc00,14,0
QB,1993,29,3,SecuSc00,12,4
QB,1989,24,0,HumpSt00,2,0
QB,1990,25,1,HumpSt00,7,5
QB,1992,27,13,HumpSt00,16,15
QB,1993,28,8,HumpSt00,12,10
QB,1994,29,12,HumpSt00,15,15
QB,1995,30,10,HumpSt00,15,15
QB,1996,31,8,HumpSt00,13,13
QB,1997,32,4,HumpSt00,8,8
QB,1996,31,0,BellKe00,1,0
QB,1989,23,2,AikmTr00,11,11
QB,1990,24,8,AikmTr00,15,15
QB,1991*,25,11,AikmTr00,12,12
QB,1992*,26,17,AikmTr00,16,16
QB,1993*,27,16,AikmTr00,14,14
QB,1994*,28,12,AikmTr00,14,14
QB,1995*,29,14,AikmTr00,16,16
QB,1996*,30,9,AikmTr00,15,15
QB,1997,31,8,AikmTr00,16,16
QB,1998,32,9,AikmTr00,11,11
QB,1999,33,10,AikmTr00,14,14
QB,2000,34,4,AikmTr00,11,11
QB,1989,23,0,ElkiMi00,1,0
QB,1989,23,1,TollBi00,5,5
QB,1990,24,9,TollBi00,15,14
QB,1991,25,2,TollBi00,7,2
QB,1992,26,3,TollBi00,9,5
QB,1993,27,2,TollBi00,7,2
QB,1994,28,1,TollBi00,10,7
QB,1997,31,2,TollBi00,9,1
QB,1998,32,4,TollBi00,7,4
QB,1999,33,4,TollBi00,10,7
QB,1989,24,0,DilwAn00,1,0
QB,1990,25,4,DilwAn00,9,7
QB,1989,24,2,WilhEr00,6,0
QB,1990,25,0,WilhEr00,7,0
QB,1991,26,1,WilhEr00,4,1
QB,1993,28,0,WilhEr00,1,0
QB,1994,29,0,WilhEr00,1,0
QB,1996,31,0,WilhEr00,3,0
QB,1990,24,0,CarlJe00,1,0
QB,1991,25,1,CarlJe00,3,1
QB,1992,26,1,CarlJe00,3,2
QB,1990,24,0,FranJe20,1,0
QB,1989,23,6,PeetRo00,8,8
QB,1990,24,11,PeetRo00,11,11
QB,1991,25,6,PeetRo00,8,8
QB,1992,26,7,PeetRo00,10,10
QB,1993,27,5,PeetRo00,10,10
QB,1994,28,2,PeetRo00,7,1
QB,1995,29,6,PeetRo00,15,12
QB,1996,30,3,PeetRo00,5,5
QB,1997,31,2,PeetRo00,5,3
QB,1998,32,2,PeetRo00,5,4
QB,1999,33,0,PeetRo00,3,0
QB,2001,35,0,PeetRo00,1,0
QB,2002,36,6,PeetRo00,14,14
QB,2003,37,0,PeetRo00,1,1
QB,2004,38,0,PeetRo00,1,0
QB,1990,23,7,GeorJe00,13,12
QB,1991,24,5,GeorJe00,16,16
QB,1992,25,4,GeorJe00,10,10
QB,1993,26,6,GeorJe00,13,11
QB,1994,27,11,GeorJe00,16,16
QB,1995,28,13,GeorJe00,16,16
QB,1996,29,2,GeorJe00,3,3
QB,1997,30,12,GeorJe00,16,16
QB,1998,31,3,GeorJe00,8,7
QB,1999,32,11,GeorJe00,12,10
QB,2000,33,5,GeorJe00,6,5
QB,2001,34,0,GeorJe00,2,2
QB,1990,22,1,WareAn00,4,1
QB,1991,23,0,WareAn00,1,0
QB,1992,24,3,WareAn00,4,3
QB,1993,25,1,WareAn00,5,2
QB,1990,23,2,HodsTo00,7,6
QB,1991,24,1,HodsTo00,16,3
QB,1992,25,1,HodsTo00,9,3
QB,1995,28,0,HodsTo00,4,0
QB,1990,23,0,WillPe00,3,0
QB,1991,24,1,WillPe00,4,0
QB,1992,25,2,WillPe00,9,2
QB,1993,26,1,WillPe00,5,1
QB,1991,25,7,ODonNe00,12,8
QB,1992*,26,9,ODonNe00,12,12
QB,1993,27,11,ODonNe00,16,15
QB,1994,28,8,ODonNe00,14,14
QB,1995,29,10,ODonNe00,12,12
QB,1996,30,2,ODonNe00,6,6
QB,1997,31,9,ODonNe00,15,14
QB,1998,32,7,ODonNe00,13,11
QB,1999,33,5,ODonNe00,8,5
QB,2000,34,2,ODonNe00,7,1
QB,2001,35,2,ODonNe00,5,1
QB,2002,36,0,ODonNe00,4,0
QB,2003,37,1,ODonNe00,1,1
QB,1990,22,0,TaylTr00,2,0
QB,1991,23,0,TaylTr00,5,0
QB,1992,24,0,ConkCa00,1,0
QB,1993,25,1,ConkCa00,4,2
QB,1995,27,0,ConkCa00,2,0
QB,1991,23,0,MitcSc00,2,0
QB,1992,24,0,MitcSc00,16,0
QB,1993,25,7,MitcSc00,13,7
QB,1994,26,4,MitcSc00,9,9
QB,1995,27,16,MitcSc00,16,16
QB,1996,28,11,MitcSc00,14,14
QB,1997,29,12,MitcSc00,16,16
QB,1998,30,2,MitcSc00,2,2
QB,1999,31,1,MitcSc00,2,2
QB,2000,32,0,MitcSc00,8,5
QB,2001,33,0,MitcSc00,1,0
QB,1991,24,0,KuppCr20,1,0
QB,1990,23,0,FrieJo00,1,1
QB,1991,24,9,FrieJo00,16,16
QB,1993,26,5,FrieJo00,12,6
QB,1994,27,4,FrieJo00,16,4
QB,1995,28,3,FrieJo00,6,3
QB,1996,29,6,FrieJo00,8,6
QB,1997,30,0,FrieJo00,2,1
QB,1998,31,1,FrieJo00,6,1
QB,1999,32,0,FrieJo00,1,0
QB,2000,33,0,FrieJo00,1,0
QB,1991,24,0,BuckMi00,2,0
QB,1992,25,0,BuckMi00,2,0
QB,1993,26,1,BuckMi00,4,1
QB,1995,28,1,BuckMi00,4,0
QB,1991,24,0,McGwDa00,1,1
QB,1992,25,0,McGwDa00,2,1
QB,1993,26,0,McGwDa00,2,0
QB,1994,27,2,McGwDa00,7,3
QB,1995,28,0,McGwDa00,1,0
QB,1991,22,1,MariTo00,1,1
QB,1992,23,2,MariTo00,7,7
QB,1991,22,0,FavrBr00,2,0
QB,1992*,23,13,FavrBr00,15,13
QB,1993*,24,13,FavrBr00,16,16
QB,1994,25,16,FavrBr00,16,16
QB,1995*+,26,18,FavrBr00,16,16
QB,1996*+,27,18,FavrBr00,16,16
QB,1997*+,28,17,FavrBr00,16,16
QB,1998,29,16,FavrBr00,16,16
QB,1999,30,13,FavrBr00,16,16
QB,2000,31,13,FavrBr00,16,16
QB,2001*,32,15,FavrBr00,16,16
QB,2002*,33,13,FavrBr00,16,16
QB,2003*,34,14,FavrBr00,16,16
QB,2004,35,15,FavrBr00,16,16
QB,2005,36,9,FavrBr00,16,16
QB,2006,37,9,FavrBr00,16,16
QB,2007*,38,14,FavrBr00,16,16
QB,2008*,39,12,FavrBr00,16,16
QB,2009*,40,16,FavrBr00,16,16
QB,2010,41,5,FavrBr00,13,13
QB,1991,23,0,NaglBr00,1,0
QB,1992,24,5,NaglBr00,14,13
QB,1993,25,0,NaglBr00,3,0
QB,1994,26,0,NaglBr00,1,1
QB,1996,28,0,NaglBr00,5,0
QB,1992,25,2,ZolaSc00,6,4
QB,1993,26,0,ZolaSc00,3,0
QB,1994,27,0,ZolaSc00,16,0
QB,1995,28,1,ZolaSc00,16,1
QB,1996,29,0,ZolaSc00,3,0
QB,1997,30,0,ZolaSc00,4,0
QB,1998,31,1,ZolaSc00,6,2
QB,1999,32,0,ZolaSc00,1,0
QB,1991,24,1,HollDo00,8,1
QB,1992,25,2,HollDo00,10,1
QB,1994,27,0,HollDo00,2,0
QB,1998,31,2,HollDo00,12,6
QB,1991,24,0,MusgBi00,1,0
QB,1993,26,0,MusgBi00,1,0
QB,1994,27,0,MusgBi00,0,0
QB,1995,28,0,MusgBi00,4,0
QB,1996,29,1,MusgBi00,6,1
QB,1992,23,0,EricCr00,6,0
QB,1993,24,8,EricCr00,16,15
QB,1994,25,9,EricCr00,15,15
QB,1995,26,2,EricCr00,6,3
QB,1996,27,2,EricCr00,7,3
QB,1997,28,1,EricCr00,2,0
QB,1995,27,1,JustPa00,3,1
QB,1996,28,3,JustPa00,8,2
QB,1997,29,3,JustPa00,8,4
QB,1998,30,1,JustPa00,5,3
QB,1999,31,0,JustPa00,10,0
QB,1992,24,1,MoorSh00,3,0
QB,1992,23,3,KlinDa00,4,4
QB,1993,24,5,KlinDa00,14,13
QB,1994,25,2,KlinDa00,10,7
QB,1995,26,0,KlinDa00,3,0
QB,1996,27,1,KlinDa00,1,0
QB,1997,28,0,KlinDa00,1,0
QB,1992,21,2,MaddTo00,13,4
QB,1993,22,0,MaddTo00,16,0
QB,1994,23,0,MaddTo00,5,0
QB,1995,24,0,MaddTo00,16,0
QB,2001,30,1,MaddTo00,3,0
QB,2002,31,9,MaddTo00,15,11
QB,2003,32,10,MaddTo00,16,16
QB,2004,33,1,MaddTo00,4,3
QB,2005,34,2,MaddTo00,4,2
QB,1993,24,0,BlunMa00,1,0
QB,1994,25,0,BlunMa00,1,0
QB,1997,28,0,BlunMa00,1,0
QB,1992,22,0,SaccTo00,2,0
QB,1992,23,0,EricCr00,6,0
QB,1993,24,8,EricCr00,16,15
QB,1994,25,9,EricCr00,15,15
QB,1995,26,2,EricCr00,6,3
QB,1996,27,2,EricCr00,7,3
QB,1997,28,1,EricCr00,2,0
QB,1993,24,0,WeldCa00,3,0
QB,1994,25,0,WeldCa00,2,0
QB,1995,26,1,WeldCa00,16,0
QB,1996,27,0,WeldCa00,3,0
QB,1999,30,0,WeldCa00,2,0
QB,1992,24,0,FurrWi00,2,1
QB,1995,27,1,FurrWi00,7,1
QB,1992,22,0,BlakJe00,3,0
QB,1994,24,7,BlakJe00,10,9
QB,1995*,25,15,BlakJe00,16,16
QB,1996,26,15,BlakJe00,16,16
QB,1997,27,10,BlakJe00,11,11
QB,1998,28,3,BlakJe00,8,2
QB,1999,29,10,BlakJe00,14,12
QB,2000,30,9,BlakJe00,11,11
QB,2001,31,0,BlakJe00,1,0
QB,2002,32,6,BlakJe00,11,10
QB,2003,33,6,BlakJe00,13,13
QB,2004,34,0,BlakJe00,3,0
QB,2005,35,0,BlakJe00,2,0
QB,1992,24,2,GrahKe00,6,3
QB,1993,25,0,GrahKe00,9,0
QB,1994,26,1,GrahKe00,13,1
QB,1996,28,5,GrahKe00,10,8
QB,1997,29,3,GrahKe00,8,6
QB,1998,30,4,GrahKe00,11,6
QB,1999,31,5,GrahKe00,9,9
QB,2000,32,3,GrahKe00,12,5
QB,2001,33,0,GrahKe00,3,0
QB,1992,23,0,RichBu00,7,0
QB,1993,24,0,RichBu00,2,0
QB,1994,25,3,RichBu00,7,4
QB,1994,26,0,JohnBr00,4,0
QB,1995,27,1,JohnBr00,5,0
QB,1996,28,7,JohnBr00,12,8
QB,1997,29,11,JohnBr00,13,13
QB,1998,30,3,JohnBr00,4,2
QB,1999*,31,16,JohnBr00,16,16
QB,2000,32,7,JohnBr00,12,11
QB,2001,33,13,JohnBr00,16,16
QB,2002*,34,10,JohnBr00,13,13
QB,2003,35,10,JohnBr00,16,16
QB,2004,36,2,JohnBr00,4,4
QB,2005,37,6,JohnBr00,15,9
QB,2006,38,6,JohnBr00,15,14
QB,2007,39,0,JohnBr00,16,0
QB,2008,40,1,JohnBr00,16,3
QB,1993,25,5,RublTJ00,9,7
QB,1995,27,0,RublTJ00,1,0
QB,1993,26,0,DetmTy00,3,0
QB,1995,28,0,DetmTy00,4,0
QB,1996,29,10,DetmTy00,13,11
QB,1997,30,5,DetmTy00,8,7
QB,1998,31,1,DetmTy00,16,1
QB,1999,32,2,DetmTy00,5,2
QB,2001,34,-2,DetmTy00,4,4
QB,2003,36,0,DetmTy00,1,0
QB,1993,21,6,BledDr00,13,12
QB,1994*,22,13,BledDr00,16,16
QB,1995,23,8,BledDr00,15,15
QB,1996*,24,16,BledDr00,16,16
QB,1997*,25,14,BledDr00,16,16
QB,1998,26,12,BledDr00,14,14
QB,1999,27,11,BledDr00,16,16
QB,2000,28,11,BledDr00,16,16
QB,2001,29,2,BledDr00,2,2
QB,2002*,30,14,BledDr00,16,16
QB,2003,31,7,BledDr00,16,16
QB,2004,32,10,BledDr00,16,16
QB,2005,33,11,BledDr00,16,16
QB,2006,34,4,BledDr00,6,6
QB,1993,23,10,MireRi00,16,16
QB,1994,24,8,MireRi00,13,13
QB,1995,25,8,MireRi00,15,13
QB,1996,26,4,MireRi00,11,9
QB,1997,27,1,MireRi00,7,3
QB,1999,29,2,MireRi00,8,6
QB,2000,30,0,MireRi00,1,0
QB,2003,33,3,MireRi00,9,8
QB,1995,24,1,HobeBi00,4,2
QB,1996,25,2,HobeBi00,8,3
QB,1997,26,2,HobeBi00,7,4
QB,1998,27,0,HobeBi00,1,1
QB,1999,28,2,HobeBi00,9,7
QB,1994,24,0,BrunMa00,2,0
QB,1995,25,9,BrunMa00,13,10
QB,1996*,26,16,BrunMa00,16,16
QB,1997*,27,15,BrunMa00,14,14
QB,1998,28,11,BrunMa00,13,13
QB,1999*,29,12,BrunMa00,15,15
QB,2000,30,15,BrunMa00,16,16
QB,2001,31,12,BrunMa00,15,15
QB,2002,32,12,BrunMa00,15,15
QB,2003,33,2,BrunMa00,3,3
QB,2004,34,0,BrunMa00,9,9
QB,2005,35,10,BrunMa00,16,15
QB,2006,36,6,BrunMa00,10,9
QB,2008,38,0,BrunMa00,2,0
QB,2009,39,0,BrunMa00,16,1
QB,2010,40,0,BrunMa00,2,0
QB,2011,41,0,BrunMa00,16,0
QB,1993,23,0,ToreGi00,1,0
QB,1996,26,0,ToreGi00,1,0
QB,1995,25,0,VanPAl00,1,0
QB,1996,26,0,VanPAl00,1,0
QB,1997,27,2,VanPAl00,6,3
QB,1998,28,0,VanPAl00,1,0
QB,1999,29,0,VanPAl00,1,0
QB,2000,30,0,VanPAl00,1,0
QB,2001,31,5,VanPAl00,12,8
QB,2002,32,0,VanPAl00,2,0
QB,2003,33,0,VanPAl00,6,0
QB,1994,24,2,GrbaEl00,11,0
QB,1995,25,6,GrbaEl00,16,5
QB,1996,26,3,GrbaEl00,15,4
QB,1997,27,9,GrbaEl00,10,10
QB,1998,28,0,GrbaEl00,8,6
QB,1999,29,10,GrbaEl00,16,16
QB,2000*,30,15,GrbaEl00,15,15
QB,2001,31,8,GrbaEl00,14,14
QB,1997,27,0,GreeTr00,1,0
QB,1998,28,10,GreeTr00,15,14
QB,2000,30,10,GreeTr00,8,5
QB,2001,31,13,GreeTr00,16,16
QB,2002,32,18,GreeTr00,16,16
QB,2003*,33,18,GreeTr00,16,16
QB,2004,34,17,GreeTr00,16,16
QB,2005*,35,15,GreeTr00,16,16
QB,2006,36,5,GreeTr00,8,8
QB,2007,37,3,GreeTr00,5,5
QB,2008,38,1,GreeTr00,3,1
QB,1994,23,4,ShulHe00,11,8
QB,1995,24,3,ShulHe00,7,5
QB,1996,25,0,ShulHe00,1,0
QB,1997,26,-1,ShulHe00,10,9
QB,1994,22,1,DilfTr00,5,2
QB,1995,23,6,DilfTr00,16,16
QB,1996,24,8,DilfTr00,16,16
QB,1997*,25,12,DilfTr00,16,16
QB,1998,26,10,DilfTr00,16,16
QB,1999,27,6,DilfTr00,10,10
QB,2000,28,5,DilfTr00,11,8
QB,2001,29,3,DilfTr00,6,4
QB,2002,30,4,DilfTr00,6,6
QB,2003,31,0,DilfTr00,5,0
QB,2004,32,1,DilfTr00,5,2
QB,2005,33,6,DilfTr00,11,11
QB,2007,35,-2,DilfTr00,7,6
QB,1994,23,0,KleiPe20,2,0
QB,1996,26,1,NussDo00,2,1
QB,1997,27,1,NussDo00,3,1
QB,1995,24,1,MillJi00,3,0
QB,1996,25,0,MillJi00,2,1
QB,1999,28,3,MillJi00,5,3
QB,2000,29,1,MillJi00,3,2
QB,2001,30,7,MillJi00,14,13
QB,2002,31,5,MillJi00,10,8
QB,1994,23,2,FrerGu00,4,4
QB,1995,24,8,FrerGu00,16,11
QB,1996*,25,14,FrerGu00,16,16
QB,1997,26,9,FrerGu00,13,13
QB,1998,27,1,FrerGu00,3,2
QB,1999,28,7,FrerGu00,9,6
QB,2000,29,8,FrerGu00,10,6
QB,2001,30,1,FrerGu00,4,1
QB,2002,31,1,FrerGu00,4,3
QB,2003,32,2,FrerGu00,16,2
QB,2004,33,0,FrerGu00,16,0
QB,2005,34,9,FrerGu00,16,15
QB,2006,35,0,FrerGu00,1,0
QB,2007,36,-2,FrerGu00,8,3
QB,2008,37,6,FrerGu00,11,11
QB,1996,24,0,WalkJa22,1,0
QB,1997,25,0,WalkJa22,0,0
QB,1997,27,1,MattSt00,2,1
QB,1998,28,0,MattSt00,1,0
QB,1994,24,0,FoleGl00,1,0
QB,1995,25,0,FoleGl00,1,0
QB,1996,26,2,FoleGl00,5,3
QB,1997,27,2,FoleGl00,6,2
QB,1998,28,3,FoleGl00,5,3
QB,1999,29,1,FoleGl00,3,1
QB,1995,22,2,McNaSt00,4,2
QB,1996,23,5,McNaSt00,9,4
QB,1997,24,15,McNaSt00,16,16
QB,1998,25,15,McNaSt00,16,16
QB,1999,26,10,McNaSt00,11,11
QB,2000*,27,12,McNaSt00,16,15
QB,2001,28,13,McNaSt00,15,15
QB,2002,29,15,McNaSt00,16,16
QB,2003*,30,14,McNaSt00,14,14
QB,2004,31,3,McNaSt00,8,8
QB,2005*,32,10,McNaSt00,14,14
QB,2006,33,10,McNaSt00,16,16
QB,2007,34,1,McNaSt00,6,6
QB,1995,23,5,CollKe00,15,13
QB,1996*,24,10,CollKe00,13,12
QB,1997,25,3,CollKe00,13,13
QB,1998,26,4,CollKe00,11,11
QB,1999,27,6,CollKe00,10,7
QB,2000,28,13,CollKe00,16,16
QB,2001,29,10,CollKe00,16,16
QB,2002,30,13,CollKe00,16,16
QB,2003,31,7,CollKe00,13,13
QB,2004,32,10,CollKe00,14,13
QB,2005,33,11,CollKe00,15,15
QB,2006,34,2,CollKe00,4,3
QB,2007,35,2,CollKe00,6,1
QB,2008*,36,8,CollKe00,16,15
QB,2009,37,1,CollKe00,7,6
QB,2010,38,6,CollKe00,10,7
QB,2011,39,1,CollKe00,3,3
QB,1995,24,1,CollTo00,7,1
QB,1996,25,2,CollTo00,7,3
QB,1997,26,6,CollTo00,14,13
QB,2001,30,0,CollTo00,1,0
QB,2002,31,0,CollTo00,3,0
QB,2003,32,0,CollTo00,5,0
QB,2004,33,0,CollTo00,2,0
QB,2005,34,0,CollTo00,1,0
QB,2007,36,2,CollTo00,4,3
QB,2009,38,0,CollTo00,3,0
QB,2010,39,0,CollTo00,2,1
QB,1995,23,3,StewKo00,10,2
QB,1996,24,5,StewKo00,16,2
QB,1997,25,16,StewKo00,16,16
QB,1998,26,6,StewKo00,16,16
QB,1999,27,6,StewKo00,16,12
QB,2000,28,10,StewKo00,16,11
QB,2001*,29,15,StewKo00,16,16
QB,2002,30,5,StewKo00,7,5
QB,2003,31,3,StewKo00,9,7
QB,2004,32,0,StewKo00,2,0
QB,2005,33,0,StewKo00,1,0
QB,1995,23,0,CaseSt00,2,0
QB,1997,25,1,CaseSt00,3,1
QB,1999,27,1,CaseSt00,10,4
QB,2000,28,2,CaseSt00,5,1
QB,1995,23,-2,ZeieEr00,7,4
QB,1996,24,0,ZeieEr00,1,0
QB,1997,25,2,ZeieEr00,5,3
QB,1998,26,4,ZeieEr00,10,4
QB,1999,27,1,ZeieEr00,2,1
QB,2000,28,0,ZeieEr00,3,0
QB,1995,22,0,JohnRo00,1,0
QB,1996,23,0,JohnRo00,2,0
QB,1997,24,2,JohnRo00,5,1
QB,1998,25,5,JohnRo00,8,6
QB,1999,26,1,JohnRo00,2,1
QB,2000,27,8,JohnRo00,12,11
QB,2001,28,5,JohnRo00,8,8
QB,2002,29,2,JohnRo00,6,2
QB,2003,30,0,JohnRo00,4,0
QB,1995,23,0,BarrDa20,2,0
QB,1996,25,0,StenSt00,1,0
QB,1997,26,0,StenSt00,3,0
QB,1998,27,4,StenSt00,7,7
QB,1999,28,2,StenSt00,6,3
QB,1997,26,1,WhelCr00,9,7
QB,1998,27,0,WhelCr00,10,7
QB,1996,23,9,BankTo00,14,13
QB,1997,24,10,BankTo00,16,16
QB,1998,25,7,BankTo00,14,14
QB,1999,26,7,BankTo00,12,10
QB,2000,27,5,BankTo00,11,8
QB,2001,28,8,BankTo00,15,14
QB,2003,30,2,BankTo00,7,3
QB,2004,31,0,BankTo00,5,0
QB,2005,32,1,BankTo00,2,0
QB,1996,24,0,HoyiBo00,1,0
QB,1997,25,5,HoyiBo00,7,6
QB,1998,26,-3,HoyiBo00,8,7
QB,1999,27,0,HoyiBo00,2,0
QB,2000,28,0,HoyiBo00,4,0
QB,1996,23,1,LewiJe01,2,0
QB,1997,24,0,LewiJe01,3,0
QB,1999,26,0,LewiJe01,2,0
QB,2000,27,1,LewiJe01,5,0
QB,1996,23,1,KaneDa00,4,0
QB,1997,24,5,KaneDa00,16,10
QB,1998,25,3,KaneDa00,10,10
QB,1999,26,2,KaneDa00,3,1
QB,2000,27,2,KaneDa00,5,1
QB,2003,30,2,KaneDa00,5,2
QB,1997,25,1,DrucJi00,4,1
QB,1998,26,0,DrucJi00,2,0
QB,1997,23,7,PlumJa00,10,9
QB,1998,24,12,PlumJa00,16,16
QB,1999,25,2,PlumJa00,12,11
QB,2000,26,7,PlumJa00,14,14
QB,2001,27,12,PlumJa00,16,16
QB,2002,28,7,PlumJa00,16,16
QB,2003,29,10,PlumJa00,11,11
QB,2004,30,14,PlumJa00,16,16
QB,2005*,31,15,PlumJa00,16,16
QB,2006,32,6,PlumJa00,16,11
QB,1997,23,1,WuerDa00,7,2
QB,1998,24,2,WuerDa00,5,4
QB,1999,25,1,WuerDa00,4,0
QB,2000,26,0,WuerDa00,1,0
QB,2001,27,0,WuerDa00,1,0
QB,2002,28,2,WuerDa00,7,4
QB,1997,24,0,GrazTo00,3,1
QB,1998,25,1,GrazTo00,4,1
QB,1999,26,2,GrazTo00,11,3
QB,1998,25,1,DetmKo00,8,5
QB,1999,26,0,DetmKo00,1,1
QB,2000,27,0,DetmKo00,16,0
QB,2001,28,0,DetmKo00,16,0
QB,2002,29,1,DetmKo00,14,1
QB,2003,30,0,DetmKo00,16,0
QB,2004,31,1,DetmKo00,16,1
QB,2005,32,1,DetmKo00,16,0
QB,2006,33,0,DetmKo00,0,0
QB,1998,24,0,RichWa00,1,0
QB,1998,22,11,MannPe00,16,16
QB,1999*,23,18,MannPe00,16,16
QB,2000*,24,17,MannPe00,16,16
QB,2001,25,15,MannPe00,16,16
QB,2002*,26,15,MannPe00,16,16
QB,2003*+,27,18,MannPe00,16,16
QB,2004*+,28,21,MannPe00,16,16
QB,2005*+,29,18,MannPe00,16,16
QB,2006*,30,20,MannPe00,16,16
QB,2007*,31,17,MannPe00,16,16
QB,2008*+,32,16,MannPe00,16,16
QB,2009*+,33,17,MannPe00,16,16
QB,2010*,34,16,MannPe00,16,16
QB,2012*+,36,15,MannPe00,16,16
QB,2013*+,37,19,MannPe00,16,16
QB,2014*,38,16,MannPe00,16,16
QB,2015,39,2,MannPe00,10,9
QB,1998,22,-2,LeafRy00,10,9
QB,2000,24,2,LeafRy00,11,9
QB,2001,25,1,LeafRy00,4,3
QB,1998,24,9,BatcCh00,12,12
QB,1999,25,7,BatcCh00,11,10
QB,2000,26,9,BatcCh00,15,15
QB,2001,27,6,BatcCh00,10,9
QB,2003,29,0,BatcCh00,4,0
QB,2005,31,1,BatcCh00,4,2
QB,2006,32,2,BatcCh00,8,1
QB,2007,33,1,BatcCh00,7,1
QB,2009,35,0,BatcCh00,1,0
QB,2010,36,1,BatcCh00,3,2
QB,2011,37,1,BatcCh00,4,1
QB,2012,38,1,BatcCh00,2,2
QB,1998,23,2,QuinJo00,4,2
QB,2000,25,0,QuinJo00,1,0
QB,2001,26,1,QuinJo00,6,1
QB,2002,27,0,QuinJo00,1,0
QB,2004,29,1,QuinJo00,5,3
QB,1998,23,0,GrieBr00,1,0
QB,1999,24,10,GrieBr00,14,13
QB,2000*,25,12,GrieBr00,10,10
QB,2001,26,11,GrieBr00,15,15
QB,2002,27,11,GrieBr00,13,13
QB,2003,28,3,GrieBr00,5,5
QB,2004,29,7,GrieBr00,11,10
QB,2005,30,3,GrieBr00,6,6
QB,2006,31,1,GrieBr00,6,0
QB,2007,32,4,GrieBr00,7,6
QB,2008,33,0,GrieBr00,5,5
QB,1999,24,0,HassMa00,16,0
QB,2000,25,0,HassMa00,16,0
QB,2001,26,7,HassMa00,13,12
QB,2002,27,11,HassMa00,16,10
QB,2003*,28,15,HassMa00,16,16
QB,2004,29,11,HassMa00,14,14
QB,2005*,30,15,HassMa00,16,16
QB,2006,31,8,HassMa00,12,12
QB,2007*,32,11,HassMa00,16,16
QB,2008,33,0,HassMa00,7,7
QB,2009,34,7,HassMa00,14,14
QB,2010,35,8,HassMa00,14,14
QB,2011,36,9,HassMa00,16,16
QB,2012,37,3,HassMa00,8,5
QB,2013,38,0,HassMa00,3,0
QB,2014,39,1,HassMa00,4,0
QB,2015,40,4,HassMa00,8,8
QB,1998,23,0,MoreMo00,2,1
QB,1999,24,0,MoreMo00,1,0
QB,2000,25,1,MoreMo00,6,2
QB,1999,22,8,CoucTi00,15,14
QB,2000,23,4,CoucTi00,7,7
QB,2001,24,9,CoucTi00,16,16
QB,2002,25,8,CoucTi00,14,14
QB,2003,26,4,CoucTi00,10,8
QB,1999,23,1,McNaDo00,12,6
QB,2000*,24,15,McNaDo00,16,16
QB,2001*,25,14,McNaDo00,16,16
QB,2002*,26,10,McNaDo00,10,10
QB,2003*,27,15,McNaDo00,16,16
QB,2004*,28,16,McNaDo00,15,15
QB,2005,29,7,McNaDo00,9,9
QB,2006,30,11,McNaDo00,10,10
QB,2007,31,12,McNaDo00,14,14
QB,2008,32,12,McNaDo00,16,16
QB,2009*,33,13,McNaDo00,14,14
QB,2010,34,8,McNaDo00,13,13
QB,2011,35,4,McNaDo00,6,6
QB,1999,24,0,SmitAk00,7,4
QB,2000,25,2,SmitAk00,12,11
QB,2001,26,0,SmitAk00,2,1
QB,2002,27,0,SmitAk00,1,1
QB,1999,22,0,CulpDa00,1,0
QB,2000*,23,20,CulpDa00,16,16
QB,2001,24,11,CulpDa00,11,11
QB,2002,25,16,CulpDa00,16,16
QB,2003*,26,17,CulpDa00,14,14
QB,2004*,27,20,CulpDa00,16,16
QB,2005,28,5,CulpDa00,7,7
QB,2006,29,2,CulpDa00,4,4
QB,2007,30,4,CulpDa00,7,6
QB,2008,31,2,CulpDa00,5,5
QB,2009,32,1,CulpDa00,8,5
QB,1999,22,3,McNoCa00,15,6
QB,2000,23,5,McNoCa00,10,9
QB,1999,22,3,KingSh00,6,5
QB,2000,23,14,KingSh00,16,16
QB,2001,24,1,KingSh00,3,0
QB,2002,25,0,KingSh00,3,1
QB,2003,26,0,KingSh00,3,0
QB,2004,27,1,KingSh00,3,2
QB,2000,24,2,HuarBr00,5,4
QB,2001,25,0,HuarBr00,1,0
QB,2003,27,0,HuarBr00,2,0
QB,1999,24,1,GermJo00,3,0
QB,2000,24,7,BrooAa00,8,5
QB,2001,25,15,BrooAa00,16,16
QB,2002,26,17,BrooAa00,16,16
QB,2003,27,13,BrooAa00,16,16
QB,2004,28,13,BrooAa00,16,16
QB,2005,29,8,BrooAa00,13,13
QB,2006,30,0,BrooAa00,8,8
QB,2000,24,0,BishMi00,8,0
QB,1999,23,0,GreiCh00,2,0
QB,2000,24,0,GreiCh00,3,0
QB,1999,23,0,CoviSc00,3,0
QB,2002,26,0,CoviSc00,1,1
QB,2000,24,0,PennCh01,1,0
QB,2001,25,0,PennCh01,2,0
QB,2002,26,12,PennCh01,15,12
QB,2003,27,7,PennCh01,10,9
QB,2004,28,10,PennCh01,13,13
QB,2005,29,2,PennCh01,3,3
QB,2006,30,12,PennCh01,16,16
QB,2007,31,5,PennCh01,9,8
QB,2008,32,13,PennCh01,16,16
QB,2009,33,1,PennCh01,3,3
QB,2010,34,0,PennCh01,1,1
QB,2000,23,0,RedmCh00,2,0
QB,2001,24,0,RedmCh00,0,0
QB,2002,25,3,RedmCh00,6,6
QB,2003,26,0,RedmCh00,2,0
QB,2007,30,3,RedmCh00,7,4
QB,2009,32,3,RedmCh00,6,2
QB,2010,33,0,RedmCh00,2,0
QB,2011,34,1,RedmCh00,5,0
QB,2001,23,0,MartTe00,1,0
QB,2003,25,0,MartTe00,2,0
QB,2002,25,5,BulgMa00,7,7
QB,2003*,26,14,BulgMa00,15,15
QB,2004,27,11,BulgMa00,14,14
QB,2005,28,7,BulgMa00,8,8
QB,2006*,29,15,BulgMa00,16,16
QB,2007,30,5,BulgMa00,12,12
QB,2008,31,5,BulgMa00,15,15
QB,2009,32,2,BulgMa00,9,8
QB,2000,22,0,WynnSp00,7,1
QB,2001,23,2,WynnSp00,3,2
QB,2000,23,0,BradTo00,1,0
QB,2001*,24,12,BradTo00,15,14
QB,2002,25,13,BradTo00,16,16
QB,2003,26,11,BradTo00,16,16
QB,2004*,27,16,BradTo00,16,16
QB,2005*,28,15,BradTo00,16,16
QB,2006,29,14,BradTo00,16,16
QB,2007*+,30,23,BradTo00,16,16
QB,2008,31,0,BradTo00,1,1
QB,2009*,32,17,BradTo00,16,16
QB,2010*+,33,18,BradTo00,16,16
QB,2011*,34,21,BradTo00,16,16
QB,2012*,35,19,BradTo00,16,16
QB,2013*,36,13,BradTo00,16,16
QB,2014*,37,16,BradTo00,16,16
QB,2015*,38,18,BradTo00,16,16
QB,2016*,39,13,BradTo00,12,12
QB,2017*+,40,20,BradTo00,16,16
QB,2018*,41,14,BradTo00,16,16
QB,2019,42,12,BradTo00,16,16
QB,2020,43,15,BradTo00,16,16
QB,2021*,44,16,BradTo00,17,17
QB,2022,45,10,BradTo00,17,17
QB,2000,22,0,HusaTo20,1,0
QB,2000,23,0,RattTi00,1,0
QB,2001,24,0,RattTi00,3,0
QB,2002,25,1,RattTi00,4,0
QB,2003,26,3,RattTi00,11,3
QB,2004,27,5,RattTi00,9,9
QB,2005,28,2,RattTi00,4,4
QB,2006,29,2,RattTi00,4,2
QB,2007,30,0,RattTi00,4,0
QB,2000,23,0,JackJa01,2,0
QB,2001,24,0,JackJa01,1,0
QB,2002,25,0,JackJa01,1,0
QB,2003,26,0,JackJa01,1,1
QB,2000,23,0,HamiJo20,1,0
QB,2001,21,4,VickMi00,8,2
QB,2002*,22,17,VickMi00,15,15
QB,2003,23,4,VickMi00,5,4
QB,2004*,24,15,VickMi00,15,15
QB,2005*,25,13,VickMi00,15,15
QB,2006,26,15,VickMi00,16,16
QB,2009,29,1,VickMi00,12,1
QB,2010*,30,15,VickMi00,12,12
QB,2011,31,12,VickMi00,13,13
QB,2012,32,7,VickMi00,10,10
QB,2013,33,5,VickMi00,7,6
QB,2014,34,2,VickMi00,10,3
QB,2015,35,2,VickMi00,5,3
QB,2001,22,1,BreeDr00,1,0
QB,2002,23,10,BreeDr00,16,16
QB,2003,24,6,BreeDr00,11,11
QB,2004*,25,17,BreeDr00,15,15
QB,2005,26,15,BreeDr00,16,16
QB,2006*+,27,15,BreeDr00,16,16
QB,2007,28,14,BreeDr00,16,16
QB,2008*,29,17,BreeDr00,16,16
QB,2009*,30,16,BreeDr00,15,15
QB,2010*,31,14,BreeDr00,16,16
QB,2011*,32,20,BreeDr00,16,16
QB,2012*,33,15,BreeDr00,16,16
QB,2013*,34,17,BreeDr00,16,16
QB,2014*,35,16,BreeDr00,16,16
QB,2015,36,14,BreeDr00,15,15
QB,2016*,37,16,BreeDr00,16,16
QB,2017*,38,17,BreeDr00,16,16
QB,2018*,39,16,BreeDr00,15,15
QB,2019*,40,11,BreeDr00,11,11
QB,2020,41,10,BreeDr00,12,12
QB,2001,24,3,CartQu00,8,8
QB,2002,25,3,CartQu00,7,7
QB,2003,26,9,CartQu00,16,16
QB,2004,27,2,CartQu00,7,3
QB,2001,22,0,TuiaMa00,1,0
QB,2002,23,0,TuiaMa00,3,0
QB,2003,24,1,TuiaMa00,4,1
QB,2005,26,0,TuiaMa00,1,1
QB,2006,27,0,TuiaMa00,2,0
QB,2008,29,0,TuiaMa00,2,0
QB,2001,29,7,WeinCh00,15,15
QB,2002,30,0,WeinCh00,6,1
QB,2005,33,0,WeinCh00,3,0
QB,2006,34,2,WeinCh00,3,3
QB,2007,35,0,WeinCh00,2,1
QB,2002,24,0,RoseSa00,4,0
QB,2003,25,0,RoseSa00,2,0
QB,2004,26,1,RoseSa00,3,1
QB,2005,27,1,RoseSa00,4,1
QB,2006,28,1,RoseSa00,4,0
QB,2007,29,6,RoseSa00,9,5
QB,2008,30,5,RoseSa00,6,5
QB,2010,32,0,RoseSa00,12,0
QB,2002,24,0,PalmJe00,2,0
QB,2003,25,1,PalmJe00,6,3
QB,2001,22,2,McMaMi00,8,3
QB,2002,23,3,McMaMi00,8,4
QB,2003,24,0,McMaMi00,3,0
QB,2004,25,0,McMaMi00,1,0
QB,2005,26,1,McMaMi00,9,7
QB,2002,23,5,CarrDa00,16,16
QB,2003,24,7,CarrDa00,12,11
QB,2004,25,13,CarrDa00,16,16
QB,2005,26,11,CarrDa00,16,16
QB,2006,27,10,CarrDa00,16,16
QB,2007,28,2,CarrDa00,6,4
QB,2008,29,0,CarrDa00,3,0
QB,2009,30,1,CarrDa00,6,0
QB,2010,31,0,CarrDa00,1,0
QB,2012,33,0,CarrDa00,2,0
QB,2002,24,4,HarrJo00,14,12
QB,2003,25,6,HarrJo00,16,16
QB,2004,26,10,HarrJo00,16,16
QB,2005,27,5,HarrJo00,12,11
QB,2006,28,3,HarrJo00,11,11
QB,2007,29,6,HarrJo00,12,10
QB,2002,23,4,RamsPa00,9,5
QB,2003,24,7,RamsPa00,11,11
QB,2004,25,2,RamsPa00,9,7
QB,2005,26,1,RamsPa00,4,1
QB,2006,27,0,RamsPa00,1,0
QB,2007,28,1,RamsPa00,2,0
QB,2008,29,0,RamsPa00,1,0
QB,2002,23,0,McCoJo01,2,0
QB,2003,24,3,McCoJo01,8,3
QB,2004,25,7,McCoJo01,14,13
QB,2005,26,5,McCoJo01,9,6
QB,2006,27,0,McCoJo01,2,0
QB,2007,28,1,McCoJo01,9,9
QB,2008,29,0,McCoJo01,2,0
QB,2009,30,0,McCoJo01,1,0
QB,2011,32,2,McCoJo01,3,2
QB,2013,34,8,McCoJo01,8,5
QB,2014,35,4,McCoJo01,11,11
QB,2015,36,5,McCoJo01,8,8
QB,2016,37,1,McCoJo01,5,3
QB,2017,38,9,McCoJo01,13,13
QB,2018,39,2,McCoJo01,4,3
QB,2019,40,0,McCoJo01,3,0
QB,2002,24,2,GarrDa00,4,1
QB,2003,25,0,GarrDa00,2,0
QB,2004,26,1,GarrDa00,4,2
QB,2005,27,6,GarrDa00,7,5
QB,2006,28,9,GarrDa00,11,10
QB,2007,29,13,GarrDa00,12,12
QB,2008,30,13,GarrDa00,16,16
QB,2009*,31,13,GarrDa00,16,16
QB,2010,32,13,GarrDa00,14,14
QB,2002,24,0,DaveRo01,2,0
QB,2003,25,0,DaveRo01,1,0
QB,2004,26,0,DaveRo01,4,0
QB,2002,24,1,FasaRa00,4,1
QB,2003,23,1,KittKu00,7,4
QB,2003,24,0,NallCr00,1,0
QB,2004,25,1,NallCr00,5,0
QB,2007,28,0,NallCr00,1,0
QB,2004,25,8,PalmCa00,13,13
QB,2005*,26,16,PalmCa00,16,16
QB,2006*,27,14,PalmCa00,16,16
QB,2007,28,14,PalmCa00,16,16
QB,2008,29,2,PalmCa00,4,4
QB,2009,30,10,PalmCa00,16,16
QB,2010,31,11,PalmCa00,16,16
QB,2011,32,8,PalmCa00,10,9
QB,2012,33,10,PalmCa00,15,15
QB,2013,34,11,PalmCa00,16,16
QB,2014,35,4,PalmCa00,6,6
QB,2015*,36,16,PalmCa00,16,16
QB,2016,37,12,PalmCa00,15,15
QB,2017,38,5,PalmCa00,7,7
QB,2003,23,9,LeftBy00,15,13
QB,2004,24,9,LeftBy00,14,14
QB,2005,25,9,LeftBy00,11,11
QB,2006,26,5,LeftBy00,6,6
QB,2007,27,1,LeftBy00,3,2
QB,2008,28,1,LeftBy00,5,0
QB,2009,29,1,LeftBy00,3,3
QB,2010,30,0,LeftBy00,1,0
QB,2012,32,1,LeftBy00,2,1
QB,2003,22,3,BollKy00,11,9
QB,2004,23,6,BollKy00,16,16
QB,2005,24,3,BollKy00,9,9
QB,2006,25,2,BollKy00,5,0
QB,2007,26,4,BollKy00,12,8
QB,2009,28,-2,BollKy00,7,4
QB,2010,29,0,BollKy00,5,0
QB,2011,30,1,BollKy00,2,1
QB,2003,23,1,GrosRe00,3,3
QB,2004,24,1,GrosRe00,3,3
QB,2005,25,1,GrosRe00,2,1
QB,2006,26,10,GrosRe00,16,16
QB,2007,27,3,GrosRe00,8,7
QB,2008,28,1,GrosRe00,4,1
QB,2009,29,0,GrosRe00,1,0
QB,2010,30,2,GrosRe00,4,3
QB,2011,31,6,GrosRe00,13,13
QB,2003,24,1,RagoDa00,2,2
QB,2004,24,1,SimmCh00,5,2
QB,2005,25,6,SimmCh00,11,10
QB,2006,26,1,SimmCh00,3,3
QB,2008,28,0,SimmCh00,1,0
QB,2009,29,0,SimmCh00,3,1
QB,2005,25,1,WallSe00,7,0
QB,2006,26,3,WallSe00,8,4
QB,2007,27,1,WallSe00,10,0
QB,2008,28,5,WallSe00,10,8
QB,2009,29,2,WallSe00,13,2
QB,2010,30,2,WallSe00,8,4
QB,2011,31,2,WallSe00,6,3
QB,2013,33,0,WallSe00,2,1
QB,2004,24,0,HensDr00,7,1
QB,2008,28,0,HensDr00,2,0
QB,2004,25,0,BollBr00,1,0
QB,2005,26,5,BollBr00,11,9
QB,2006,27,0,BollBr00,2,0
QB,2007,28,1,BollBr00,5,1
QB,2008,29,0,BollBr00,2,0
QB,2005,26,0,KingKl00,1,0
QB,2003,22,0,HamdGi00,1,0
QB,2004,23,0,DorsKe00,8,7
QB,2005,24,1,DorsKe00,3,3
QB,2006,25,0,DorsKe00,1,0
QB,2008,27,1,DorsKe00,4,3
QB,2004,23,-1,MannEl00,9,7
QB,2005,24,15,MannEl00,16,16
QB,2006,25,12,MannEl00,16,16
QB,2007,26,10,MannEl00,16,16
QB,2008*,27,12,MannEl00,16,16
QB,2009,28,13,MannEl00,16,16
QB,2010,29,12,MannEl00,16,16
QB,2011*,30,15,MannEl00,16,16
QB,2012*,31,16,MannEl00,16,16
QB,2013,32,7,MannEl00,16,16
QB,2014,33,13,MannEl00,16,16
QB,2015*,34,14,MannEl00,16,16
QB,2016,35,9,MannEl00,16,16
QB,2017,36,7,MannEl00,15,15
QB,2018,37,12,MannEl00,16,16
QB,2019,38,3,MannEl00,4,4
QB,2004,23,0,RivePh00,2,0
QB,2005,24,0,RivePh00,2,0
QB,2006*,25,18,RivePh00,16,16
QB,2007,26,13,RivePh00,16,16
QB,2008,27,17,RivePh00,16,16
QB,2009*,28,19,RivePh00,16,16
QB,2010*,29,17,RivePh00,16,16
QB,2011*,30,17,RivePh00,16,16
QB,2012,31,10,RivePh00,16,16
QB,2013*,32,16,RivePh00,16,16
QB,2014,33,13,RivePh00,16,16
QB,2015,34,12,RivePh00,16,16
QB,2016*,35,13,RivePh00,16,16
QB,2017*,36,13,RivePh00,16,16
QB,2018*,37,14,RivePh00,16,16
QB,2019,38,13,RivePh00,16,16
QB,2020,39,13,RivePh00,16,16
QB,2004,22,12,RoetBe00,14,13
QB,2005,23,11,RoetBe00,12,12
QB,2006,24,11,RoetBe00,15,15
QB,2007*,25,14,RoetBe00,15,15
QB,2008,26,11,RoetBe00,16,16
QB,2009,27,14,RoetBe00,15,15
QB,2010,28,12,RoetBe00,12,12
QB,2011*,29,12,RoetBe00,15,15
QB,2012,30,10,RoetBe00,13,13
QB,2013,31,13,RoetBe00,16,16
QB,2014*,32,16,RoetBe00,16,16
QB,2015*,33,12,RoetBe00,12,11
QB,2016*,34,12,RoetBe00,14,14
QB,2017*,35,14,RoetBe00,15,15
QB,2018,36,14,RoetBe00,16,16
QB,2019,37,1,RoetBe00,2,2
QB,2020,38,10,RoetBe00,15,15
QB,2021,39,9,RoetBe00,16,16
QB,2004,23,1,SchaMa00,6,1
QB,2005,24,2,SchaMa00,16,1
QB,2006,25,1,SchaMa00,16,0
QB,2007,26,8,SchaMa00,11,11
QB,2008,27,10,SchaMa00,11,11
QB,2009*,28,15,SchaMa00,16,16
QB,2010,29,17,SchaMa00,16,16
QB,2011,30,8,SchaMa00,10,10
QB,2012*,31,11,SchaMa00,16,16
QB,2013,32,3,SchaMa00,10,8
QB,2014,33,0,SchaMa00,11,0
QB,2015,34,1,SchaMa00,2,2
QB,2016,35,0,SchaMa00,4,0
QB,2018,37,0,SchaMa00,3,0
QB,2019,38,2,SchaMa00,6,1
QB,2020,39,0,SchaMa00,1,0
QB,2004,23,2,McCoLu00,5,4
QB,2007,26,4,McCoLu00,5,3
QB,2008,27,0,McCoLu00,2,0
QB,2009,28,0,McCoLu00,3,0
QB,2010,29,0,McCoLu00,1,0
QB,2011,30,1,McCoLu00,4,2
QB,2012,31,0,McCoLu00,2,0
QB,2013,32,0,McCoLu00,16,0
QB,2014,33,0,McCoLu00,16,0
QB,2015,34,1,McCoLu00,8,1
QB,2004,23,1,KrenCr00,6,5
QB,2004,24,1,SorgJi00,4,0
QB,2005,25,2,SorgJi00,5,0
QB,2006,26,0,SorgJi00,1,0
QB,2007,27,1,SorgJi00,4,0
QB,2008,28,1,SorgJi00,1,0
QB,2009,29,0,SorgJi00,1,0
QB,2004,24,0,NavaJo00,1,1
QB,2005,25,0,NavaJo00,1,0
QB,2004,24,0,PickCo00,1,0
QB,2005,25,1,PickCo00,5,2
QB,2005,26,1,MaucMa00,2,1
QB,2005,21,-3,SmitAl03,9,7
QB,2006,22,10,SmitAl03,16,16
QB,2007,23,0,SmitAl03,7,7
QB,2009,25,7,SmitAl03,11,10
QB,2010,26,6,SmitAl03,11,10
QB,2011,27,13,SmitAl03,16,16
QB,2012,28,7,SmitAl03,10,9
QB,2013*,29,14,SmitAl03,15,15
QB,2014,30,14,SmitAl03,15,15
QB,2015,31,16,SmitAl03,16,16
QB,2016*,32,12,SmitAl03,15,15
QB,2017*,33,17,SmitAl03,15,15
QB,2018,34,6,SmitAl03,10,10
QB,2020,36,1,SmitAl03,8,6
QB,2005,22,0,RodgAa00,3,0
QB,2006,23,0,RodgAa00,2,0
QB,2007,24,1,RodgAa00,2,0
QB,2008,25,15,RodgAa00,16,16
QB,2009*,26,19,RodgAa00,16,16
QB,2010,27,15,RodgAa00,15,15
QB,2011*+,28,23,RodgAa00,15,15
QB,2012*,29,16,RodgAa00,16,16
QB,2013,30,9,RodgAa00,9,9
QB,2014*+,31,22,RodgAa00,16,16
QB,2015*,32,14,RodgAa00,16,16
QB,2016*,33,18,RodgAa00,16,16
QB,2017,34,6,RodgAa00,7,7
QB,2018*,35,13,RodgAa00,16,16
QB,2019*,36,14,RodgAa00,16,16
QB,2020*+,37,18,RodgAa00,16,16
QB,2021*+,38,15,RodgAa00,16,16
QB,2022,39,13,RodgAa00,17,17
QB,2006,25,5,CampJa00,7,7
QB,2007,26,9,CampJa00,13,13
QB,2008,27,11,CampJa00,16,16
QB,2009,28,11,CampJa00,16,16
QB,2010,29,9,CampJa00,13,12
QB,2011,30,4,CampJa00,6,6
QB,2012,31,1,CampJa00,6,1
QB,2013,32,4,CampJa00,9,8
QB,2014,33,0,CampJa00,4,0
QB,2005,24,2,FryeCh00,7,5
QB,2006,25,5,FryeCh00,13,13
QB,2007,26,0,FryeCh00,1,1
QB,2008,27,0,FryeCh00,2,1
QB,2009,28,1,FryeCh00,3,3
QB,2006,24,0,WaltAn00,12,8
QB,2007,25,0,WaltAn00,1,0
QB,2008,26,1,WaltAn00,2,1
QB,2005,23,2,OrtoKy00,15,15
QB,2007,25,1,OrtoKy00,3,3
QB,2008,26,9,OrtoKy00,15,15
QB,2009,27,10,OrtoKy00,16,15
QB,2010,28,11,OrtoKy00,13,13
QB,2011,29,2,OrtoKy00,9,8
QB,2012,30,0,OrtoKy00,1,0
QB,2013,31,1,OrtoKy00,3,1
QB,2014,32,8,OrtoKy00,12,12
QB,2005,22,0,OrloDa00,2,0
QB,2008,25,4,OrloDa00,10,7
QB,2010,27,0,OrloDa00,1,0
QB,2011,28,2,OrloDa00,8,5
QB,2012,29,0,OrloDa00,1,0
QB,2013,30,0,OrloDa00,2,0
QB,2015,32,1,OrloDa00,2,0
QB,2006,23,2,AndeDe00,5,3
QB,2007*,24,14,AndeDe00,16,15
QB,2008,25,2,AndeDe00,10,9
QB,2009,26,-4,AndeDe00,8,7
QB,2010,27,4,AndeDe00,12,9
QB,2011,28,0,AndeDe00,2,0
QB,2012,29,0,AndeDe00,2,0
QB,2013,30,0,AndeDe00,4,0
QB,2014,31,2,AndeDe00,6,2
QB,2015,32,0,AndeDe00,3,0
QB,2016,33,1,AndeDe00,5,2
QB,2017,34,0,AndeDe00,3,0
QB,2018,35,1,AndeDe00,2,2
QB,2005,23,1,CassMa00,2,0
QB,2006,24,0,CassMa00,6,0
QB,2007,25,0,CassMa00,6,0
QB,2008,26,17,CassMa00,16,15
QB,2009,27,7,CassMa00,15,15
QB,2010*,28,13,CassMa00,15,15
QB,2011,29,3,CassMa00,9,9
QB,2012,30,2,CassMa00,9,8
QB,2013,31,6,CassMa00,9,6
QB,2014,32,1,CassMa00,3,3
QB,2015,33,0,CassMa00,9,8
QB,2016,34,1,CassMa00,4,1
QB,2017,35,0,CassMa00,2,1
QB,2018,36,0,CassMa00,2,0
QB,2005,23,2,FitzRy00,4,3
QB,2006,24,0,FitzRy00,1,0
QB,2007,25,0,FitzRy00,1,0
QB,2008,26,3,FitzRy00,13,12
QB,2009,27,3,FitzRy00,10,8
QB,2010,28,9,FitzRy00,13,13
QB,2011,29,11,FitzRy00,16,16
QB,2012,30,11,FitzRy00,16,16
QB,2013,31,9,FitzRy00,11,9
QB,2014,32,8,FitzRy00,12,12
QB,2015,33,13,FitzRy00,16,16
QB,2016,34,5,FitzRy00,14,11
QB,2017,35,3,FitzRy00,6,3
QB,2018,36,7,FitzRy00,8,7
QB,2019,37,10,FitzRy00,15,13
QB,2020,38,7,FitzRy00,9,7
QB,2021,39,0,FitzRy00,1,1
QB,2006*,23,9,YounVi00,15,13
QB,2007,24,9,YounVi00,15,15
QB,2008,25,1,YounVi00,3,1
QB,2009*,26,8,YounVi00,12,10
QB,2010,27,6,YounVi00,9,8
QB,2011,28,3,YounVi00,6,3
QB,2006,23,8,LeinMa00,12,11
QB,2007,24,2,LeinMa00,5,5
QB,2008,25,1,LeinMa00,4,0
QB,2009,26,1,LeinMa00,8,1
QB,2011,28,0,LeinMa00,2,1
QB,2012,29,0,LeinMa00,2,0
QB,2006,23,3,CutlJa00,5,5
QB,2007,24,12,CutlJa00,16,16
QB,2008*,25,15,CutlJa00,16,16
QB,2009,26,10,CutlJa00,16,16
QB,2010,27,12,CutlJa00,15,15
QB,2011,28,7,CutlJa00,10,10
QB,2012,29,11,CutlJa00,15,15
QB,2013,30,9,CutlJa00,11,11
QB,2014,31,11,CutlJa00,15,15
QB,2015,32,11,CutlJa00,15,15
QB,2016,33,2,CutlJa00,5,5
QB,2017,34,6,CutlJa00,14,14
QB,2006,23,0,ClemKe00,2,0
QB,2007,24,3,ClemKe00,10,8
QB,2008,25,0,ClemKe00,2,0
QB,2009,26,0,ClemKe00,10,1
QB,2010,27,0,ClemKe00,1,0
QB,2011,28,1,ClemKe00,3,3
QB,2012,29,0,ClemKe00,2,0
QB,2013,30,6,ClemKe00,10,9
QB,2014,31,0,ClemKe00,2,0
QB,2015,32,0,ClemKe00,2,0
QB,2016,33,0,ClemKe00,12,0
QB,2017,34,0,ClemKe00,8,0
QB,2006,23,1,JackTa00,4,2
QB,2007,24,7,JackTa00,12,12
QB,2008,25,4,JackTa00,9,5
QB,2009,26,1,JackTa00,8,0
QB,2010,27,1,JackTa00,3,1
QB,2011,28,9,JackTa00,15,14
QB,2013,30,1,JackTa00,3,0
QB,2014,31,0,JackTa00,1,0
QB,2015,32,0,JackTa00,4,0
QB,2006,24,0,WhitCh02,2,0
QB,2010,28,2,WhitCh02,6,2
QB,2011,29,1,WhitCh02,3,2
QB,2013,31,0,WhitCh02,2,0
QB,2014,32,4,WhitCh02,7,5
QB,2015,33,0,WhitCh02,4,0
QB,2016,34,0,WhitCh02,1,0
QB,2006,23,0,CroyBr00,2,0
QB,2007,24,1,CroyBr00,9,6
QB,2008,25,0,CroyBr00,2,2
QB,2009,26,1,CroyBr00,3,1
QB,2010,27,0,CroyBr00,2,1
QB,2006,23,2,GradBr00,13,11
QB,2007,24,1,GradBr00,4,0
QB,2008,25,0,GradBr00,2,1
QB,2009,26,3,GradBr00,7,4
QB,2010,27,2,GradBr00,6,4
QB,2011,28,0,GradBr00,2,0
QB,2012,29,0,GradBr00,2,0
QB,2014,31,0,GradBr00,1,0
QB,2007,22,1,RussJa00,4,1
QB,2008,23,7,RussJa00,15,15
QB,2009,24,-2,RussJa00,12,9
QB,2007,23,0,QuinBr00,1,0
QB,2008,24,1,QuinBr00,3,3
QB,2009,25,2,QuinBr00,10,9
QB,2012,28,-1,QuinBr00,10,8
QB,2007,23,0,KolbKe00,1,0
QB,2008,24,0,KolbKe00,6,0
QB,2009,25,2,KolbKe00,5,2
QB,2010,26,3,KolbKe00,7,5
QB,2011,27,5,KolbKe00,9,9
QB,2012,28,3,KolbKe00,6,5
QB,2007,26,2,BeckJo00,5,4
QB,2011,30,2,BeckJo00,4,3
QB,2008,24,0,StanDr00,3,0
QB,2009,25,1,StanDr00,3,1
QB,2010,26,3,StanDr00,6,3
QB,2014,30,5,StanDr00,9,8
QB,2015,31,0,StanDr00,7,0
QB,2016,32,1,StanDr00,5,1
QB,2017,33,0,StanDr00,5,4
QB,2007,24,3,EdwaTr01,10,9
QB,2008,25,9,EdwaTr01,14,14
QB,2009,26,3,EdwaTr01,8,7
QB,2010,27,2,EdwaTr01,5,3
QB,2012,29,0,EdwaTr01,1,0
QB,2007,23,1,SmitTr02,4,2
QB,2008,24,1,SmitTr02,6,0
QB,2009,25,0,SmitTr02,4,0
QB,2010,26,4,SmitTr02,6,6
QB,2008,24,0,PalmJo20,3,0
QB,2010,26,0,PalmJo20,1,0
QB,2014,30,0,PalmJo20,1,0
QB,2007,23,0,ThigTy00,1,0
QB,2008,24,9,ThigTy00,14,11
QB,2009,25,0,ThigTy00,2,0
QB,2010,26,1,ThigTy00,5,1
QB,2011,27,0,ThigTy00,3,0
QB,2012,28,0,ThigTy00,4,0
QB,2008,23,14,RyanMa00,16,16
QB,2009,24,10,RyanMa00,14,14
QB,2010*,25,16,RyanMa00,16,16
QB,2011,26,15,RyanMa00,16,16
QB,2012*,27,18,RyanMa00,16,16
QB,2013,28,13,RyanMa00,16,16
QB,2014*,29,15,RyanMa00,16,16
QB,2015,30,14,RyanMa00,16,16
QB,2016*+,31,21,RyanMa00,16,16
QB,2017,32,15,RyanMa00,16,16
QB,2018,33,16,RyanMa00,16,16
QB,2019,34,13,RyanMa00,15,15
QB,2020,35,13,RyanMa00,16,16
QB,2021,36,10,RyanMa00,17,17
QB,2022,37,7,RyanMa00,12,12
QB,2008,23,12,FlacJo00,16,16
QB,2009,24,13,FlacJo00,16,16
QB,2010,25,12,FlacJo00,16,16
QB,2011,26,12,FlacJo00,16,16
QB,2012,27,13,FlacJo00,16,16
QB,2013,28,8,FlacJo00,16,16
QB,2014,29,13,FlacJo00,16,16
QB,2015,30,5,FlacJo00,10,10
QB,2016,31,9,FlacJo00,16,16
QB,2017,32,9,FlacJo00,16,16
QB,2018,33,7,FlacJo00,9,9
QB,2019,34,5,FlacJo00,8,8
QB,2020,35,2,FlacJo00,5,4
QB,2021,36,1,FlacJo00,2,1
QB,2022,37,1,FlacJo00,5,4
QB,2009,24,0,BrohBr00,2,1
QB,2010,25,0,BrohBr00,1,1
QB,2008,23,0,HennCh01,3,0
QB,2009,24,8,HennCh01,14,13
QB,2010,25,6,HennCh01,15,14
QB,2011,26,3,HennCh01,4,4
QB,2012,27,4,HennCh01,10,6
QB,2013,28,6,HennCh01,15,13
QB,2014,29,1,HennCh01,3,3
QB,2016,31,0,HennCh01,1,0
QB,2017,32,0,HennCh01,2,0
QB,2018,33,0,HennCh01,1,0
QB,2020,35,1,HennCh01,3,1
QB,2021,36,0,HennCh01,4,0
QB,2022,37,0,HennCh01,3,0
QB,2008,23,0,OConKe00,2,0
QB,2008,23,0,DixoDe00,1,0
QB,2009,24,1,DixoDe00,1,1
QB,2010,25,1,DixoDe00,2,2
QB,2009,23,2,JohnJo05,6,4
QB,2010,24,1,JohnJo05,11,0
QB,2011,25,1,JohnJo05,9,1
QB,2012,26,0,JohnJo05,1,0
QB,2013,27,0,JohnJo05,2,0
QB,2018,32,2,JohnJo05,4,3
QB,2021,35,2,JohnJo05,4,1
QB,2022,36,0,JohnJo05,2,0
,2013,28,5,FlynMa00,7,5
QB,2008,23,0,FlynMa00,7,0
QB,2009,24,0,FlynMa00,15,0
QB,2010,25,1,FlynMa00,7,1
QB,2011,26,2,FlynMa00,5,1
QB,2012,27,0,FlynMa00,3,0
QB,2014,29,0,FlynMa00,7,0
QB,2009,21,3,StafMa00,10,10
QB,2010,22,2,StafMa00,3,3
QB,2011,23,16,StafMa00,16,16
QB,2012,24,13,StafMa00,16,16
QB,2013,25,13,StafMa00,16,16
QB,2014*,26,13,StafMa00,16,16
QB,2015,27,13,StafMa00,16,16
QB,2016,28,14,StafMa00,16,16
QB,2017,29,15,StafMa00,16,16
QB,2018,30,10,StafMa00,16,16
QB,2019,31,8,StafMa00,8,8
QB,2020,32,13,StafMa00,16,16
QB,2021,33,15,StafMa00,17,17
QB,2022,34,7,StafMa00,9,9
QB,2009,23,6,SancMa00,15,15
QB,2010,24,9,SancMa00,16,16
QB,2011,25,8,SancMa00,16,16
QB,2012,26,5,SancMa00,15,15
QB,2014,28,6,SancMa00,9,8
QB,2015,29,1,SancMa00,4,2
QB,2016,30,0,SancMa00,2,0
QB,2018,32,0,SancMa00,2,1
QB,2009,21,2,FreeJo00,10,9
QB,2010,22,13,FreeJo00,16,16
QB,2011,23,8,FreeJo00,15,15
QB,2012,24,13,FreeJo00,16,16
QB,2013,25,3,FreeJo00,4,4
QB,2015,27,1,FreeJo00,1,1
QB,2010,25,1,McGeSt00,2,1
QB,2011,26,1,McGeSt00,1,0
QB,2011,27,0,BranTo00,1,0
QB,2009,24,1,NullKe00,4,4
QB,2009,24,0,PainCu00,2,0
QB,2011,26,2,PainCu00,9,8
QB,2013,28,0,PainCu00,3,0
QB,2010,23,9,BradSa00,16,16
QB,2011,24,3,BradSa00,10,10
QB,2012,25,10,BradSa00,16,16
QB,2013,26,6,BradSa00,7,7
QB,2015,28,8,BradSa00,14,14
QB,2016,29,11,BradSa00,15,15
QB,2017,30,1,BradSa00,2,2
QB,2018,31,1,BradSa00,3,3
QB,2010,23,3,TeboTi00,9,3
QB,2011,24,8,TeboTi00,14,11
QB,2012,25,1,TeboTi00,12,2
QB,2010,23,0,ClauJi00,13,10
QB,2014,27,1,ClauJi00,4,1
QB,2015,28,2,ClauJi00,4,3
QB,2010,24,4,McCoCo00,8,8
QB,2011,25,5,McCoCo00,13,13
QB,2012,26,0,McCoCo00,3,0
QB,2013,27,0,McCoCo00,4,0
QB,2014,28,3,McCoCo00,5,4
QB,2015,29,0,McCoCo00,2,0
QB,2017,31,0,McCoCo00,1,0
QB,2018,32,1,McCoCo00,3,2
QB,2019,33,0,McCoCo00,1,1
QB,2020,34,1,McCoCo00,4,2
QB,2021,35,3,McCoCo00,8,3
QB,2022,36,2,McCoCo00,4,3
QB,2011,24,0,KafkMi00,4,0
QB,2010,22,2,SkelJo00,5,4
QB,2011,23,4,SkelJo00,8,7
QB,2012,24,-2,SkelJo00,7,6
QB,2010,23,1,SmitRu01,2,1
QB,2012,25,0,SmitRu01,1,0
QB,2010,24,0,PikeTo00,1,0
QB,2010,23,0,BrowLe00,1,0
QB,2011*,22,19,NewtCa00,16,16
QB,2012,23,16,NewtCa00,16,16
QB,2013*,24,16,NewtCa00,16,16
QB,2014,25,12,NewtCa00,14,14
QB,2015*+,26,21,NewtCa00,16,16
QB,2016,27,11,NewtCa00,15,14
QB,2017,28,15,NewtCa00,16,16
QB,2018,29,14,NewtCa00,14,14
QB,2019,30,1,NewtCa00,2,2
QB,2020,31,12,NewtCa00,15,15
QB,2021,32,3,NewtCa00,8,5
QB,2011,23,2,LockJa00,5,0
QB,2012,24,6,LockJa00,11,11
QB,2013,25,5,LockJa00,7,7
QB,2014,26,3,LockJa00,7,5
QB,2011,22,4,GabbBl00,15,14
QB,2012,23,3,GabbBl00,10,10
QB,2013,24,1,GabbBl00,3,3
QB,2014,25,0,GabbBl00,1,0
QB,2015,26,5,GabbBl00,8,8
QB,2016,27,0,GabbBl00,6,5
QB,2017,28,2,GabbBl00,5,5
QB,2018,29,2,GabbBl00,8,3
QB,2020,31,1,GabbBl00,4,0
QB,2021,32,0,GabbBl00,6,0
QB,2022,33,0,GabbBl00,1,0
QB,2011,23,5,PondCh00,11,10
QB,2012,24,11,PondCh00,16,16
QB,2013,25,6,PondCh00,9,9
QB,2014,26,1,PondCh00,2,1
QB,2011*,24,11,DaltAn00,16,16
QB,2012,25,12,DaltAn00,16,16
QB,2013,26,14,DaltAn00,16,16
QB,2014*,27,11,DaltAn00,16,16
QB,2015,28,13,DaltAn00,13,13
QB,2016*,29,12,DaltAn00,16,16
QB,2017,30,11,DaltAn00,16,16
QB,2018,31,9,DaltAn00,11,11
QB,2019,32,7,DaltAn00,13,13
QB,2020,33,5,DaltAn00,11,9
QB,2021,34,3,DaltAn00,8,6
QB,2022,35,8,DaltAn00,14,14
QB,2011,24,0,KaepCo00,3,0
QB,2012,25,9,KaepCo00,13,7
QB,2013,26,15,KaepCo00,16,16
QB,2014,27,12,KaepCo00,16,16
QB,2015,28,4,KaepCo00,9,8
QB,2016,29,9,KaepCo00,12,11
QB,2012,24,0,MallRy00,4,0
QB,2014,26,1,MallRy00,3,2
QB,2015,27,3,MallRy00,8,6
QB,2016,28,0,MallRy00,4,0
QB,2017,29,0,MallRy00,2,0
QB,2011,22,0,TaylTy00,3,0
QB,2012,23,1,TaylTy00,7,0
QB,2013,24,0,TaylTy00,3,0
QB,2014,25,0,TaylTy00,1,0
QB,2015*,26,14,TaylTy00,14,14
QB,2016,27,15,TaylTy00,15,15
QB,2017,28,12,TaylTy00,15,14
QB,2018,29,2,TaylTy00,4,3
QB,2019,30,0,TaylTy00,8,0
QB,2020,31,1,TaylTy00,2,1
QB,2021,32,2,TaylTy00,6,6
QB,2022,33,1,TaylTy00,3,0
QB,2012,24,1,McElGr00,2,1
QB,2012*,23,13,LuckAn00,16,16
QB,2013*,24,15,LuckAn00,16,16
QB,2014*,25,16,LuckAn00,16,16
QB,2015,26,4,LuckAn00,7,7
QB,2016,27,16,LuckAn00,15,15
QB,2018*,29,16,LuckAn00,16,16
QB,2012*,22,18,GrifRo01,15,15
QB,2013,23,9,GrifRo01,13,13
QB,2014,24,5,GrifRo01,9,7
QB,2016,26,3,GrifRo01,5,5
QB,2018,28,0,GrifRo01,3,0
QB,2019,29,2,GrifRo01,7,1
QB,2020,30,1,GrifRo01,4,1
QB,2012,24,10,TannRy00,16,16
QB,2013,25,11,TannRy00,16,16
QB,2014,26,14,TannRy00,16,16
QB,2015,27,10,TannRy00,16,16
QB,2016,28,10,TannRy00,13,13
QB,2018,30,6,TannRy00,11,11
QB,2019*,31,11,TannRy00,12,10
QB,2020,32,16,TannRy00,16,16
QB,2021,33,13,TannRy00,17,17
QB,2022,34,8,TannRy00,12,12
QB,2012,29,7,WeedBr00,15,15
QB,2013,30,3,WeedBr00,8,5
QB,2014,31,1,WeedBr00,5,1
QB,2015,32,3,WeedBr00,6,4
QB,2018,35,0,WeedBr00,1,0
QB,2012,22,0,OsweBr00,5,0
QB,2013,23,0,OsweBr00,4,0
QB,2014,24,0,OsweBr00,4,0
QB,2015,25,5,OsweBr00,8,7
QB,2016,26,5,OsweBr00,15,14
QB,2017,27,2,OsweBr00,6,4
QB,2018,28,3,OsweBr00,7,5
QB,2012*,24,16,WilsRu00,16,16
QB,2013*,25,17,WilsRu00,16,16
QB,2014*,26,19,WilsRu00,16,16
QB,2015*,27,19,WilsRu00,16,16
QB,2016,28,14,WilsRu00,16,16
QB,2017*,29,15,WilsRu00,16,16
QB,2018*,30,14,WilsRu00,16,16
QB,2019*,31,15,WilsRu00,16,16
QB,2020*,32,17,WilsRu00,16,16
QB,2021*,33,12,WilsRu00,14,14
QB,2022,34,9,WilsRu00,15,15
QB,2012,23,4,FoleNi00,7,6
QB,2013*,24,11,FoleNi00,13,10
QB,2014,25,5,FoleNi00,8,8
QB,2015,26,3,FoleNi00,11,11
QB,2016,27,1,FoleNi00,3,1
QB,2017,28,2,FoleNi00,7,3
QB,2018,29,4,FoleNi00,5,5
QB,2019,30,2,FoleNi00,4,4
QB,2020,31,3,FoleNi00,9,7
QB,2021,32,1,FoleNi00,1,1
QB,2022,33,1,FoleNi00,3,2
QB,2012,24,2,CousKi00,3,1
QB,2013,25,-2,CousKi00,5,3
QB,2014,26,4,CousKi00,6,5
QB,2015,27,12,CousKi00,16,16
QB,2016*,28,15,CousKi00,16,16
QB,2017,29,12,CousKi00,16,16
QB,2018,30,12,CousKi00,16,16
QB,2019*,31,14,CousKi00,15,15
QB,2020,32,14,CousKi00,16,16
QB,2021*,33,13,CousKi00,16,16
QB,2022*,34,13,CousKi00,17,17
QB,2012,23,-5,LindRy00,6,4
QB,2014,25,1,LindRy00,3,2
QB,2015,26,0,LindRy00,1,0
QB,2013,23,5,ManuEJ00,10,10
QB,2014,24,2,ManuEJ00,5,4
QB,2015,25,2,ManuEJ00,7,2
QB,2016,26,1,ManuEJ00,6,1
QB,2017,27,1,ManuEJ00,2,1
QB,2013,23,7,SmitGe00,16,16
QB,2014,24,7,SmitGe00,14,13
QB,2015,25,1,SmitGe00,1,0
QB,2016,26,0,SmitGe00,2,1
QB,2017,27,1,SmitGe00,2,1
QB,2018,28,0,SmitGe00,5,0
QB,2020,30,0,SmitGe00,1,0
QB,2021,31,2,SmitGe00,4,3
QB,2022*,32,15,SmitGe00,17,17
QB,2013,24,7,GlenMi00,13,13
QB,2014,25,4,GlenMi00,6,5
QB,2016,27,0,GlenMi00,2,0
QB,2017,28,2,GlenMi00,4,4
QB,2018,29,0,GlenMi00,2,0
QB,2019,30,0,GlenMi00,2,0
QB,2020,31,0,GlenMi00,5,5
QB,2021,32,-5,GlenMi00,6,4
QB,2013,23,1,BarkMa00,3,0
QB,2014,24,0,BarkMa00,1,0
QB,2016,26,1,BarkMa00,7,6
QB,2018,28,1,BarkMa00,1,1
QB,2019,29,1,BarkMa00,2,0
QB,2020,30,1,BarkMa00,5,0
QB,2014,24,0,NassRy00,4,0
QB,2015,25,0,NassRy00,1,0
QB,2015,26,1,JoneLa02,7,2
QB,2016,27,2,JoneLa02,8,2
QB,2017,28,1,JoneLa02,3,1
QB,2015,25,0,RenfSe00,2,0
QB,2014,22,5,BortBl00,14,13
QB,2015,23,14,BortBl00,16,16
QB,2016,24,10,BortBl00,16,16
QB,2017,25,13,BortBl00,16,16
QB,2018,26,6,BortBl00,13,12
QB,2019,27,0,BortBl00,3,0
QB,2014,22,0,ManzJo00,5,2
QB,2015,23,4,ManzJo00,9,6
QB,2014,22,9,BridTe00,13,12
QB,2015*,23,14,BridTe00,16,16
QB,2017,25,0,BridTe00,1,0
QB,2018,26,0,BridTe00,5,1
QB,2019,27,5,BridTe00,9,5
QB,2020,28,13,BridTe00,15,15
QB,2021,29,10,BridTe00,14,14
QB,2022,30,2,BridTe00,5,2
QB,2014,23,5,CarrDe02,16,16
QB,2015*,24,13,CarrDe02,16,16
QB,2016*,25,12,CarrDe02,15,15
QB,2017*,26,10,CarrDe02,15,15
QB,2018,27,11,CarrDe02,16,16
QB,2019,28,11,CarrDe02,16,16
QB,2020,29,14,CarrDe02,16,16
QB,2021,30,12,CarrDe02,17,17
QB,2022*,31,12,CarrDe02,15,15
QB,2014,23,1,GaroJi00,6,0
QB,2015,24,0,GaroJi00,5,0
QB,2016,25,2,GaroJi00,6,2
QB,2017,26,5,GaroJi00,6,5
QB,2018,27,2,GaroJi00,3,3
QB,2019,28,15,GaroJi00,16,16
QB,2020,29,3,GaroJi00,6,6
QB,2021,30,12,GaroJi00,15,15
QB,2022,31,10,GaroJi00,11,10
QB,2014,24,0,SavaTo00,2,0
QB,2016,26,1,SavaTo00,3,2
QB,2017,27,2,SavaTo00,8,7
QB,2014,23,3,MettZa00,7,6
QB,2015,24,-2,MettZa00,7,4
QB,2016,26,0,FaleDa00,1,0
QB,2017,27,1,FaleDa00,2,0
QB,2019,29,0,FaleDa00,2,0
QB,2018,27,0,GilbGa01,1,0
QB,2019,28,0,GilbGa01,5,0
QB,2020,29,1,GilbGa01,1,1
QB,2021,30,1,GilbGa01,1,1
QB,2015*,21,13,WinsJa00,16,16
QB,2016,22,12,WinsJa00,16,16
QB,2017,23,10,WinsJa00,13,13
QB,2018,24,9,WinsJa00,11,9
QB,2019,25,15,WinsJa00,16,16
QB,2020,26,0,WinsJa00,4,0
QB,2021,27,5,WinsJa00,7,7
QB,2022,28,2,WinsJa00,3,3
QB,2015,22,9,MariMa01,12,12
QB,2016,23,13,MariMa01,15,15
QB,2017,24,12,MariMa01,15,15
QB,2018,25,9,MariMa01,14,13
QB,2019,26,5,MariMa01,7,6
QB,2020,27,1,MariMa01,1,0
QB,2021,28,0,MariMa01,10,0
QB,2022,29,11,MariMa01,13,13
QB,2015,23,0,MannSe00,1,0
QB,2016,24,0,MannSe00,1,0
QB,2017,25,1,MannSe00,5,1
QB,2018,26,0,MannSe00,3,0
QB,2019,27,0,MannSe00,3,1
QB,2021,29,1,MannSe00,1,1
QB,2016,25,2,PettBr01,6,4
QB,2017,26,2,PettBr01,4,3
QB,2016,23,0,HundBr00,4,0
QB,2017,24,5,HundBr00,11,9
QB,2019,26,0,HundBr00,3,0
QB,2015,24,0,SiemTr00,1,0
QB,2016,25,9,SiemTr00,14,14
QB,2017,26,4,SiemTr00,11,10
QB,2019,28,0,SiemTr00,1,1
QB,2021,30,4,SiemTr00,6,4
QB,2022,31,1,SiemTr00,2,1
QB,2016,22,-2,GoffJa00,7,7
QB,2017*,23,15,GoffJa00,15,15
QB,2018*,24,18,GoffJa00,16,16
QB,2019,25,12,GoffJa00,16,16
QB,2020,26,10,GoffJa00,15,15
QB,2021,27,10,GoffJa00,14,14
QB,2022*,28,16,GoffJa00,17,17
QB,2016,24,10,WentCa00,16,16
QB,2017*,25,13,WentCa00,13,13
QB,2018,26,9,WentCa00,11,11
QB,2019,27,12,WentCa00,16,16
QB,2020,28,5,WentCa00,12,12
QB,2021,29,14,WentCa00,17,17
QB,2022,30,4,WentCa00,8,7
QB,2016,22,1,LyncPa00,3,2
QB,2017,23,1,LyncPa00,2,2
QB,2016,24,2,BrisJa00,3,2
QB,2017,25,11,BrisJa00,16,15
QB,2018,26,0,BrisJa00,4,0
QB,2019,27,10,BrisJa00,15,15
QB,2020,28,0,BrisJa00,11,0
QB,2021,29,2,BrisJa00,11,5
QB,2022,30,10,BrisJa00,16,11
QB,2016,23,3,KessCo00,9,8
QB,2017,24,0,KessCo00,3,0
QB,2018,25,2,KessCo00,5,4
QB,2016,23,0,CookCo00,1,0
QB,2016*,23,15,PresDa01,16,16
QB,2017,24,13,PresDa01,16,16
QB,2018*,25,14,PresDa01,16,16
QB,2019,26,15,PresDa01,16,16
QB,2020,27,6,PresDa01,5,5
QB,2021,28,14,PresDa01,16,16
QB,2022,29,11,PresDa01,12,12
QB,2016,24,0,JoneCa01,1,0
QB,2016,24,1,HogaKe00,4,0
QB,2017,25,1,HogaKe00,4,1
QB,2021,29,0,HogaKe00,1,0
QB,2017,24,1,SudfNa00,1,0
QB,2018,25,0,SudfNa00,2,0
QB,2020,27,0,SudfNa00,1,0
QB,2022,29,0,SudfNa00,2,0
QB,2017,24,0,RudoJa00,3,0
QB,2019,27,2,AlleBr00,3,3
QB,2020,28,2,AlleBr00,5,5
QB,2021,29,0,AlleBr00,6,1
QB,2022,30,0,AlleBr00,1,0
QB,2018,25,2,DrisJe00,9,5
QB,2019,26,3,DrisJe00,3,3
QB,2020,27,1,DrisJe00,3,1
QB,2021,28,0,DrisJe00,1,0
QB,2022,29,1,DrisJe00,7,2
QB,2017,23,7,TrubMi00,12,12
QB,2018*,24,13,TrubMi00,14,14
QB,2019,25,8,TrubMi00,15,15
QB,2020,26,7,TrubMi00,10,9
QB,2021,27,0,TrubMi00,6,0
QB,2022,28,4,TrubMi00,7,5
QB,2017,22,1,MahoPa00,1,1
QB,2018*+,23,22,MahoPa00,16,16
QB,2019*,24,17,MahoPa00,14,14
QB,2020*,25,17,MahoPa00,15,15
QB,2021*,26,18,MahoPa00,17,17
QB,2022*+,27,19,MahoPa00,17,17
QB,2017,22,7,WatsDe00,7,6
QB,2018*,23,16,WatsDe00,16,16
QB,2019*,24,16,WatsDe00,15,15
QB,2020*,25,16,WatsDe00,16,16
QB,2022,27,4,WatsDe00,6,6
QB,2017,21,5,KizeDe00,15,15
QB,2018,22,1,KizeDe00,3,0
QB,2021,26,0,WebbDa00,1,0
QB,2022,27,1,WebbDa00,1,1
QB,2018,23,0,DobbJo00,5,0
QB,2020,25,0,DobbJo00,1,0
QB,2022,27,1,DobbJo00,2,2
QB,2017,23,1,PeteNa00,4,2
QB,2018,24,1,PeteNa00,4,2
QB,2020,26,0,PeteNa00,1,0
QB,2021,27,0,PeteNa00,1,0
QB,2022,28,1,PeteNa00,3,1
,2022,27,6,MayfBa00,12,10
QB,2018,23,10,MayfBa00,14,13
QB,2019,24,11,MayfBa00,16,16
QB,2020,25,14,MayfBa00,16,16
QB,2021,26,10,MayfBa00,14,14
QB,2018,21,7,DarnSa00,13,13
QB,2019,22,6,DarnSa00,13,13
QB,2020,23,4,DarnSa00,12,12
QB,2021,24,6,DarnSa00,12,11
QB,2022,25,4,DarnSa00,6,6
QB,2018,22,6,AlleJo02,12,11
QB,2019,23,11,AlleJo02,16,16
QB,2020*,24,18,AlleJo02,16,16
QB,2021,25,19,AlleJo02,17,17
QB,2022*,26,20,AlleJo02,16,16
QB,2018,21,2,RoseJo01,14,13
QB,2019,22,1,RoseJo01,6,3
QB,2021,24,0,RoseJo01,4,0
QB,2018,21,8,JackLa00,16,7
QB,2019*+,22,25,JackLa00,15,15
QB,2020,23,18,JackLa00,15,15
QB,2021*,24,11,JackLa00,12,12
QB,2022,25,12,JackLa00,12,12
QB,2019,24,3,RudoMa00,10,8
QB,2020,25,1,RudoMa00,5,1
QB,2021,26,1,RudoMa00,2,1
QB,2018,23,0,LaulKy00,2,0
QB,2021,26,2,WhitMi01,4,3
QB,2022,27,3,WhitMi01,4,4
QB,2019,25,1,FalkLu00,3,2
QB,2019,22,14,MurrKy00,16,16
QB,2020*,23,16,MurrKy00,16,16
QB,2021*,24,16,MurrKy00,14,14
QB,2022,25,8,MurrKy00,11,11
QB,2019,22,9,JoneDa05,13,12
QB,2020,23,9,JoneDa05,14,14
QB,2021,24,7,JoneDa05,11,11
QB,2022,25,15,JoneDa05,16,16
QB,2019,22,3,HaskDw00,9,7
QB,2020,23,1,HaskDw00,7,6
QB,2019,23,3,LockDr00,5,5
QB,2020,24,6,LockDr00,13,13
QB,2021,25,3,LockDr00,6,3
QB,2019,24,1,GrieWi00,2,2
QB,2019,25,1,FinlRy00,3,3
QB,2020,26,1,FinlRy00,5,1
QB,2019,23,0,StidJa00,3,0
QB,2020,24,1,StidJa00,5,0
QB,2022,26,3,StidJa00,5,2
QB,2020,25,0,SticEa00,1,0
QB,2019,23,10,MinsGa00,14,12
QB,2020,24,7,MinsGa00,9,8
QB,2021,25,2,MinsGa00,4,2
QB,2022,26,2,MinsGa00,5,2
QB,2019,24,0,McSoTr00,1,0
QB,2020,25,0,McSoTr00,2,0
QB,2022,27,1,McSoTr00,6,1
QB,2020,24,7,BurrJo01,10,10
QB,2021,25,15,BurrJo01,16,16
QB,2022*,26,17,BurrJo01,16,16
QB,2020,22,5,TagoTu00,10,9
QB,2021,23,7,TagoTu00,13,12
QB,2022,24,12,TagoTu00,13,13
QB,2020,22,13,HerbJu00,15,15
QB,2021*,23,18,HerbJu00,17,17
QB,2022,24,14,HerbJu00,17,17
QB,2021,23,2,LoveJo03,6,1
QB,2022,24,1,LoveJo03,4,0
QB,2020,22,4,HurtJa00,15,4
QB,2021,23,17,HurtJa00,15,15
QB,2022*,24,20,HurtJa00,15,15
QB,2021,24,0,EasoJa00,1,0
QB,2022,25,0,EasoJa00,1,0
QB,2021,23,1,FromJa00,3,2
QB,2020,24,2,LutoJa00,3,3
QB,2020,24,1,DiNuBe00,3,1
QB,2021,22,7,LawrTr00,17,17
QB,2022*,23,14,LawrTr00,17,17
QB,2021,22,5,WilsZa00,13,13
QB,2022,23,4,WilsZa00,9,9
QB,2021,21,3,LancTr00,6,2
QB,2022,22,1,LancTr00,2,2
QB,2021,22,6,FielJu00,12,10
QB,2022,23,16,FielJu00,15,15
QB,2021*,23,14,JoneMa05,17,17
QB,2022,24,8,JoneMa05,14,14
QB,2022,24,0,TrasKy00,1,0
QB,2021,22,0,MondKe00,1,0
QB,2021,23,7,MillDa02,13,11
QB,2022,24,7,MillDa02,15,15
QB,2021,23,0,BookIa00,1,1
QB,2021,23,0,EhliSa00,3,0
QB,2022,24,2,EhliSa00,4,3
QB,2022,24,7,PickKe00,13,12
QB,2022,23,3,RiddDe00,4,4
QB,2022,23,1,WillMa12,8,3
QB,2022,23,2,ZappBa00,4,2
QB,2022,22,1,HoweSa00,1,1
QB,2022,25,2,ThomSk00,7,2
QB,2022,23,6,PurdBr00,9,5
